Municipios;Distritos;Secciones;Indicadores de renta media y mediana;Periodo;Total
20001 Abaltzisketa;;;Renta neta media por persona ;2019;17.166
20001 Abaltzisketa;2000101 Abaltzisketa distrito 01;;Renta neta media por persona ;2019;17.166
20001 Abaltzisketa;2000101 Abaltzisketa distrito 01;2000101001 Abaltzisketa sección 01001;Renta neta media por persona ;2019;17.166
20002 Aduna;;;Renta neta media por persona ;2019;16.825
20002 Aduna;2000201 Aduna distrito 01;;Renta neta media por persona ;2019;16.825
20002 Aduna;2000201 Aduna distrito 01;2000201001 Aduna sección 01001;Renta neta media por persona ;2019;16.825
20003 Aizarnazabal;;;Renta neta media por persona ;2019;14.763
20003 Aizarnazabal;2000301 Aizarnazabal distrito 01;;Renta neta media por persona ;2019;14.763
20003 Aizarnazabal;2000301 Aizarnazabal distrito 01;2000301001 Aizarnazabal sección 01001;Renta neta media por persona ;2019;14.763
20004 Albiztur;;;Renta neta media por persona ;2019;16.659
20004 Albiztur;2000401 Albiztur distrito 01;;Renta neta media por persona ;2019;16.659
20004 Albiztur;2000401 Albiztur distrito 01;2000401001 Albiztur sección 01001;Renta neta media por persona ;2019;16.659
20005 Alegia;;;Renta neta media por persona ;2019;14.319
20005 Alegia;2000501 Alegia distrito 01;;Renta neta media por persona ;2019;14.319
20005 Alegia;2000501 Alegia distrito 01;2000501001 Alegia sección 01001;Renta neta media por persona ;2019;14.319
20006 Alkiza;;;Renta neta media por persona ;2019;14.461
20006 Alkiza;2000601 Alkiza distrito 01;;Renta neta media por persona ;2019;14.461
20006 Alkiza;2000601 Alkiza distrito 01;2000601001 Alkiza sección 01001;Renta neta media por persona ;2019;14.461
20007 Altzo;;;Renta neta media por persona ;2019;15.942
20007 Altzo;2000701 Altzo distrito 01;;Renta neta media por persona ;2019;15.942
20007 Altzo;2000701 Altzo distrito 01;2000701001 Altzo sección 01001;Renta neta media por persona ;2019;15.942
20008 Amezketa;;;Renta neta media por persona ;2019;16.971
20008 Amezketa;2000801 Amezketa distrito 01;;Renta neta media por persona ;2019;16.971
20008 Amezketa;2000801 Amezketa distrito 01;2000801001 Amezketa sección 01001;Renta neta media por persona ;2019;16.971
20009 Andoain;;;Renta neta media por persona ;2019;14.678
20009 Andoain;2000901 Andoain distrito 01;;Renta neta media por persona ;2019;14.678
20009 Andoain;2000901 Andoain distrito 01;2000901001 Andoain sección 01001;Renta neta media por persona ;2019;14.096
20009 Andoain;2000901 Andoain distrito 01;2000901002 Andoain sección 01002;Renta neta media por persona ;2019;15.164
20009 Andoain;2000901 Andoain distrito 01;2000901003 Andoain sección 01003;Renta neta media por persona ;2019;14.533
20009 Andoain;2000901 Andoain distrito 01;2000901004 Andoain sección 01004;Renta neta media por persona ;2019;14.942
20009 Andoain;2000901 Andoain distrito 01;2000901005 Andoain sección 01005;Renta neta media por persona ;2019;14.006
20009 Andoain;2000901 Andoain distrito 01;2000901006 Andoain sección 01006;Renta neta media por persona ;2019;13.430
20009 Andoain;2000901 Andoain distrito 01;2000901007 Andoain sección 01007;Renta neta media por persona ;2019;14.863
20009 Andoain;2000901 Andoain distrito 01;2000901008 Andoain sección 01008;Renta neta media por persona ;2019;14.930
20009 Andoain;2000901 Andoain distrito 01;2000901009 Andoain sección 01009;Renta neta media por persona ;2019;16.223
20009 Andoain;2000901 Andoain distrito 01;2000901010 Andoain sección 01010;Renta neta media por persona ;2019;14.496
20009 Andoain;2000901 Andoain distrito 01;2000901011 Andoain sección 01011;Renta neta media por persona ;2019;14.756
20010 Anoeta;;;Renta neta media por persona ;2019;14.709
20010 Anoeta;2001001 Anoeta distrito 01;;Renta neta media por persona ;2019;14.709
20010 Anoeta;2001001 Anoeta distrito 01;2001001001 Anoeta sección 01001;Renta neta media por persona ;2019;14.709
20011 Antzuola;;;Renta neta media por persona ;2019;18.089
20011 Antzuola;2001101 Antzuola distrito 01;;Renta neta media por persona ;2019;18.089
20011 Antzuola;2001101 Antzuola distrito 01;2001101001 Antzuola sección 01001;Renta neta media por persona ;2019;18.089
20012 Arama;;;Renta neta media por persona ;2019;18.587
20012 Arama;2001201 Arama distrito 01;;Renta neta media por persona ;2019;18.587
20012 Arama;2001201 Arama distrito 01;2001201001 Arama sección 01001;Renta neta media por persona ;2019;18.587
20013 Aretxabaleta;;;Renta neta media por persona ;2019;17.393
20013 Aretxabaleta;2001301 Aretxabaleta distrito 01;;Renta neta media por persona ;2019;17.393
20013 Aretxabaleta;2001301 Aretxabaleta distrito 01;2001301001 Aretxabaleta sección 01001;Renta neta media por persona ;2019;15.832
20013 Aretxabaleta;2001301 Aretxabaleta distrito 01;2001301002 Aretxabaleta sección 01002;Renta neta media por persona ;2019;17.499
20013 Aretxabaleta;2001301 Aretxabaleta distrito 01;2001301003 Aretxabaleta sección 01003;Renta neta media por persona ;2019;16.827
20013 Aretxabaleta;2001301 Aretxabaleta distrito 01;2001301004 Aretxabaleta sección 01004;Renta neta media por persona ;2019;19.378
20014 Asteasu;;;Renta neta media por persona ;2019;15.322
20014 Asteasu;2001401 Asteasu distrito 01;;Renta neta media por persona ;2019;15.322
20014 Asteasu;2001401 Asteasu distrito 01;2001401001 Asteasu sección 01001;Renta neta media por persona ;2019;15.322
20015 Ataun;;;Renta neta media por persona ;2019;16.046
20015 Ataun;2001501 Ataun distrito 01;;Renta neta media por persona ;2019;16.046
20015 Ataun;2001501 Ataun distrito 01;2001501001 Ataun sección 01001;Renta neta media por persona ;2019;16.046
20016 Aia;;;Renta neta media por persona ;2019;14.510
20016 Aia;2001601 Aia distrito 01;;Renta neta media por persona ;2019;14.510
20016 Aia;2001601 Aia distrito 01;2001601001 Aia sección 01001;Renta neta media por persona ;2019;14.390
20016 Aia;2001601 Aia distrito 01;2001601002 Aia sección 01002;Renta neta media por persona ;2019;14.653
20017 Azkoitia;;;Renta neta media por persona ;2019;15.736
20017 Azkoitia;2001701 Azkoitia distrito 01;;Renta neta media por persona ;2019;13.534
20017 Azkoitia;2001701 Azkoitia distrito 01;2001701001 Azkoitia sección 01001;Renta neta media por persona ;2019;13.215
20017 Azkoitia;2001701 Azkoitia distrito 01;2001701002 Azkoitia sección 01002;Renta neta media por persona ;2019;14.033
20017 Azkoitia;2001702 Azkoitia distrito 02;;Renta neta media por persona ;2019;15.819
20017 Azkoitia;2001702 Azkoitia distrito 02;2001702001 Azkoitia sección 02001;Renta neta media por persona ;2019;15.742
20017 Azkoitia;2001702 Azkoitia distrito 02;2001702002 Azkoitia sección 02002;Renta neta media por persona ;2019;15.856
20017 Azkoitia;2001703 Azkoitia distrito 03;;Renta neta media por persona ;2019;16.774
20017 Azkoitia;2001703 Azkoitia distrito 03;2001703001 Azkoitia sección 03001;Renta neta media por persona ;2019;14.888
20017 Azkoitia;2001703 Azkoitia distrito 03;2001703002 Azkoitia sección 03002;Renta neta media por persona ;2019;16.698
20017 Azkoitia;2001703 Azkoitia distrito 03;2001703003 Azkoitia sección 03003;Renta neta media por persona ;2019;16.326
20017 Azkoitia;2001703 Azkoitia distrito 03;2001703004 Azkoitia sección 03004;Renta neta media por persona ;2019;18.502
20018 Azpeitia;;;Renta neta media por persona ;2019;15.697
20018 Azpeitia;2001801 Azpeitia distrito 01;;Renta neta media por persona ;2019;15.697
20018 Azpeitia;2001801 Azpeitia distrito 01;2001801001 Azpeitia sección 01001;Renta neta media por persona ;2019;18.019
20018 Azpeitia;2001801 Azpeitia distrito 01;2001801002 Azpeitia sección 01002;Renta neta media por persona ;2019;13.942
20018 Azpeitia;2001801 Azpeitia distrito 01;2001801003 Azpeitia sección 01003;Renta neta media por persona ;2019;15.158
20018 Azpeitia;2001801 Azpeitia distrito 01;2001801004 Azpeitia sección 01004;Renta neta media por persona ;2019;14.880
20018 Azpeitia;2001801 Azpeitia distrito 01;2001801005 Azpeitia sección 01005;Renta neta media por persona ;2019;18.064
20018 Azpeitia;2001801 Azpeitia distrito 01;2001801006 Azpeitia sección 01006;Renta neta media por persona ;2019;13.181
20018 Azpeitia;2001801 Azpeitia distrito 01;2001801007 Azpeitia sección 01007;Renta neta media por persona ;2019;16.161
20018 Azpeitia;2001801 Azpeitia distrito 01;2001801008 Azpeitia sección 01008;Renta neta media por persona ;2019;14.736
20018 Azpeitia;2001801 Azpeitia distrito 01;2001801009 Azpeitia sección 01009;Renta neta media por persona ;2019;16.371
20019 Beasain;;;Renta neta media por persona ;2019;16.910
20019 Beasain;2001901 Beasain distrito 01;;Renta neta media por persona ;2019;16.910
20019 Beasain;2001901 Beasain distrito 01;2001901001 Beasain sección 01001;Renta neta media por persona ;2019;13.100
20019 Beasain;2001901 Beasain distrito 01;2001901002 Beasain sección 01002;Renta neta media por persona ;2019;16.836
20019 Beasain;2001901 Beasain distrito 01;2001901003 Beasain sección 01003;Renta neta media por persona ;2019;19.825
20019 Beasain;2001901 Beasain distrito 01;2001901004 Beasain sección 01004;Renta neta media por persona ;2019;16.815
20019 Beasain;2001901 Beasain distrito 01;2001901005 Beasain sección 01005;Renta neta media por persona ;2019;16.819
20019 Beasain;2001901 Beasain distrito 01;2001901007 Beasain sección 01007;Renta neta media por persona ;2019;17.776
20019 Beasain;2001901 Beasain distrito 01;2001901008 Beasain sección 01008;Renta neta media por persona ;2019;15.645
20019 Beasain;2001901 Beasain distrito 01;2001901009 Beasain sección 01009;Renta neta media por persona ;2019;14.994
20020 Beizama;;;Renta neta media por persona ;2019;15.439
20020 Beizama;2002001 Beizama distrito 01;;Renta neta media por persona ;2019;15.439
20020 Beizama;2002001 Beizama distrito 01;2002001001 Beizama sección 01001;Renta neta media por persona ;2019;15.439
20021 Belauntza;;;Renta neta media por persona ;2019;15.387
20021 Belauntza;2002101 Belauntza distrito 01;;Renta neta media por persona ;2019;15.387
20021 Belauntza;2002101 Belauntza distrito 01;2002101001 Belauntza sección 01001;Renta neta media por persona ;2019;15.387
20022 Berastegi;;;Renta neta media por persona ;2019;16.321
20022 Berastegi;2002201 Berastegi distrito 01;;Renta neta media por persona ;2019;16.321
20022 Berastegi;2002201 Berastegi distrito 01;2002201001 Berastegi sección 01001;Renta neta media por persona ;2019;16.321
20023 Berrobi;;;Renta neta media por persona ;2019;14.627
20023 Berrobi;2002301 Berrobi distrito 01;;Renta neta media por persona ;2019;14.627
20023 Berrobi;2002301 Berrobi distrito 01;2002301001 Berrobi sección 01001;Renta neta media por persona ;2019;14.627
20024 Bidania-Goiatz;;;Renta neta media por persona ;2019;14.641
20024 Bidania-Goiatz;2002401 Bidania-Goiatz distrito 01;;Renta neta media por persona ;2019;14.641
20024 Bidania-Goiatz;2002401 Bidania-Goiatz distrito 01;2002401001 Bidania-Goiatz sección 01001;Renta neta media por persona ;2019;14.641
20025 Zegama;;;Renta neta media por persona ;2019;16.530
20025 Zegama;2002501 Zegama distrito 01;;Renta neta media por persona ;2019;16.530
20025 Zegama;2002501 Zegama distrito 01;2002501001 Zegama sección 01001;Renta neta media por persona ;2019;16.530
20026 Zerain;;;Renta neta media por persona ;2019;18.895
20026 Zerain;2002601 Zerain distrito 01;;Renta neta media por persona ;2019;18.895
20026 Zerain;2002601 Zerain distrito 01;2002601001 Zerain sección 01001;Renta neta media por persona ;2019;18.895
20027 Zestoa;;;Renta neta media por persona ;2019;14.229
20027 Zestoa;2002701 Zestoa distrito 01;;Renta neta media por persona ;2019;14.229
20027 Zestoa;2002701 Zestoa distrito 01;2002701001 Zestoa sección 01001;Renta neta media por persona ;2019;14.225
20027 Zestoa;2002701 Zestoa distrito 01;2002701002 Zestoa sección 01002;Renta neta media por persona ;2019;14.237
20028 Zizurkil;;;Renta neta media por persona ;2019;15.128
20028 Zizurkil;2002801 Zizurkil distrito 01;;Renta neta media por persona ;2019;15.128
20028 Zizurkil;2002801 Zizurkil distrito 01;2002801001 Zizurkil sección 01001;Renta neta media por persona ;2019;16.184
20028 Zizurkil;2002801 Zizurkil distrito 01;2002801002 Zizurkil sección 01002;Renta neta media por persona ;2019;13.405
20029 Deba;;;Renta neta media por persona ;2019;16.345
20029 Deba;2002901 Deba distrito 01;;Renta neta media por persona ;2019;16.627
20029 Deba;2002901 Deba distrito 01;2002901001 Deba sección 01001;Renta neta media por persona ;2019;17.445
20029 Deba;2002901 Deba distrito 01;2002901002 Deba sección 01002;Renta neta media por persona ;2019;15.518
20029 Deba;2002901 Deba distrito 01;2002901003 Deba sección 01003;Renta neta media por persona ;2019;17.134
20029 Deba;2002902 Deba distrito 02;;Renta neta media por persona ;2019;15.088
20029 Deba;2002902 Deba distrito 02;2002902001 Deba sección 02001;Renta neta media por persona ;2019;15.088
20030 Eibar;;;Renta neta media por persona ;2019;16.098
20030 Eibar;2003001 Eibar distrito 01;;Renta neta media por persona ;2019;17.946
20030 Eibar;2003001 Eibar distrito 01;2003001001 Eibar sección 01001;Renta neta media por persona ;2019;22.222
20030 Eibar;2003001 Eibar distrito 01;2003001002 Eibar sección 01002;Renta neta media por persona ;2019;20.398
20030 Eibar;2003001 Eibar distrito 01;2003001003 Eibar sección 01003;Renta neta media por persona ;2019;18.170
20030 Eibar;2003001 Eibar distrito 01;2003001004 Eibar sección 01004;Renta neta media por persona ;2019;15.334
20030 Eibar;2003001 Eibar distrito 01;2003001005 Eibar sección 01005;Renta neta media por persona ;2019;13.011
20030 Eibar;2003002 Eibar distrito 02;;Renta neta media por persona ;2019;14.428
20030 Eibar;2003002 Eibar distrito 02;2003002001 Eibar sección 02001;Renta neta media por persona ;2019;14.737
20030 Eibar;2003002 Eibar distrito 02;2003002002 Eibar sección 02002;Renta neta media por persona ;2019;14.398
20030 Eibar;2003002 Eibar distrito 02;2003002003 Eibar sección 02003;Renta neta media por persona ;2019;13.714
20030 Eibar;2003002 Eibar distrito 02;2003002004 Eibar sección 02004;Renta neta media por persona ;2019;13.859
20030 Eibar;2003002 Eibar distrito 02;2003002005 Eibar sección 02005;Renta neta media por persona ;2019;15.457
20030 Eibar;2003003 Eibar distrito 03;;Renta neta media por persona ;2019;15.296
20030 Eibar;2003003 Eibar distrito 03;2003003001 Eibar sección 03001;Renta neta media por persona ;2019;14.266
20030 Eibar;2003003 Eibar distrito 03;2003003003 Eibar sección 03003;Renta neta media por persona ;2019;16.205
20030 Eibar;2003003 Eibar distrito 03;2003003004 Eibar sección 03004;Renta neta media por persona ;2019;16.521
20030 Eibar;2003004 Eibar distrito 04;;Renta neta media por persona ;2019;17.465
20030 Eibar;2003004 Eibar distrito 04;2003004001 Eibar sección 04001;Renta neta media por persona ;2019;15.055
20030 Eibar;2003004 Eibar distrito 04;2003004002 Eibar sección 04002;Renta neta media por persona ;2019;17.580
20030 Eibar;2003004 Eibar distrito 04;2003004003 Eibar sección 04003;Renta neta media por persona ;2019;23.263
20030 Eibar;2003004 Eibar distrito 04;2003004004 Eibar sección 04004;Renta neta media por persona ;2019;18.451
20030 Eibar;2003004 Eibar distrito 04;2003004005 Eibar sección 04005;Renta neta media por persona ;2019;14.911
20030 Eibar;2003004 Eibar distrito 04;2003004006 Eibar sección 04006;Renta neta media por persona ;2019;14.918
20030 Eibar;2003005 Eibar distrito 05;;Renta neta media por persona ;2019;14.352
20030 Eibar;2003005 Eibar distrito 05;2003005001 Eibar sección 05001;Renta neta media por persona ;2019;12.959
20030 Eibar;2003005 Eibar distrito 05;2003005002 Eibar sección 05002;Renta neta media por persona ;2019;17.521
20030 Eibar;2003005 Eibar distrito 05;2003005003 Eibar sección 05003;Renta neta media por persona ;2019;13.472
20030 Eibar;2003005 Eibar distrito 05;2003005004 Eibar sección 05004;Renta neta media por persona ;2019;14.828
20031 Elduain;;;Renta neta media por persona ;2019;15.911
20031 Elduain;2003101 Elduain distrito 01;;Renta neta media por persona ;2019;15.911
20031 Elduain;2003101 Elduain distrito 01;2003101001 Elduain sección 01001;Renta neta media por persona ;2019;15.911
20032 Elgoibar;;;Renta neta media por persona ;2019;16.172
20032 Elgoibar;2003201 Elgoibar distrito 01;;Renta neta media por persona ;2019;16.172
20032 Elgoibar;2003201 Elgoibar distrito 01;2003201001 Elgoibar sección 01001;Renta neta media por persona ;2019;15.559
20032 Elgoibar;2003201 Elgoibar distrito 01;2003201002 Elgoibar sección 01002;Renta neta media por persona ;2019;16.450
20032 Elgoibar;2003201 Elgoibar distrito 01;2003201003 Elgoibar sección 01003;Renta neta media por persona ;2019;17.608
20032 Elgoibar;2003201 Elgoibar distrito 01;2003201004 Elgoibar sección 01004;Renta neta media por persona ;2019;14.622
20032 Elgoibar;2003201 Elgoibar distrito 01;2003201005 Elgoibar sección 01005;Renta neta media por persona ;2019;16.489
20032 Elgoibar;2003201 Elgoibar distrito 01;2003201006 Elgoibar sección 01006;Renta neta media por persona ;2019;14.506
20032 Elgoibar;2003201 Elgoibar distrito 01;2003201007 Elgoibar sección 01007;Renta neta media por persona ;2019;18.081
20032 Elgoibar;2003201 Elgoibar distrito 01;2003201008 Elgoibar sección 01008;Renta neta media por persona ;2019;14.670
20032 Elgoibar;2003201 Elgoibar distrito 01;2003201010 Elgoibar sección 01010;Renta neta media por persona ;2019;16.184
20033 Elgeta;;;Renta neta media por persona ;2019;16.164
20033 Elgeta;2003301 Elgeta distrito 01;;Renta neta media por persona ;2019;16.164
20033 Elgeta;2003301 Elgeta distrito 01;2003301001 Elgeta sección 01001;Renta neta media por persona ;2019;16.164
20034 Eskoriatza;;;Renta neta media por persona ;2019;16.780
20034 Eskoriatza;2003401 Eskoriatza distrito 01;;Renta neta media por persona ;2019;16.780
20034 Eskoriatza;2003401 Eskoriatza distrito 01;2003401001 Eskoriatza sección 01001;Renta neta media por persona ;2019;16.502
20034 Eskoriatza;2003401 Eskoriatza distrito 01;2003401002 Eskoriatza sección 01002;Renta neta media por persona ;2019;17.051
20035 Ezkio-Itsaso;;;Renta neta media por persona ;2019;17.553
20035 Ezkio-Itsaso;2003501 Ezkio-Itsaso distrito 01;;Renta neta media por persona ;2019;17.553
20035 Ezkio-Itsaso;2003501 Ezkio-Itsaso distrito 01;2003501001 Ezkio-Itsaso sección 01001;Renta neta media por persona ;2019;17.553
20036 Hondarribia;;;Renta neta media por persona ;2019;17.900
20036 Hondarribia;2003601 Hondarribia distrito 01;;Renta neta media por persona ;2019;17.900
20036 Hondarribia;2003601 Hondarribia distrito 01;2003601001 Hondarribia sección 01001;Renta neta media por persona ;2019;15.496
20036 Hondarribia;2003601 Hondarribia distrito 01;2003601002 Hondarribia sección 01002;Renta neta media por persona ;2019;17.039
20036 Hondarribia;2003601 Hondarribia distrito 01;2003601003 Hondarribia sección 01003;Renta neta media por persona ;2019;16.939
20036 Hondarribia;2003601 Hondarribia distrito 01;2003601004 Hondarribia sección 01004;Renta neta media por persona ;2019;16.490
20036 Hondarribia;2003601 Hondarribia distrito 01;2003601005 Hondarribia sección 01005;Renta neta media por persona ;2019;17.509
20036 Hondarribia;2003601 Hondarribia distrito 01;2003601006 Hondarribia sección 01006;Renta neta media por persona ;2019;14.406
20036 Hondarribia;2003601 Hondarribia distrito 01;2003601007 Hondarribia sección 01007;Renta neta media por persona ;2019;19.620
20036 Hondarribia;2003601 Hondarribia distrito 01;2003601008 Hondarribia sección 01008;Renta neta media por persona ;2019;22.806
20036 Hondarribia;2003601 Hondarribia distrito 01;2003601009 Hondarribia sección 01009;Renta neta media por persona ;2019;21.198
20036 Hondarribia;2003601 Hondarribia distrito 01;2003601010 Hondarribia sección 01010;Renta neta media por persona ;2019;12.525
20036 Hondarribia;2003601 Hondarribia distrito 01;2003601011 Hondarribia sección 01011;Renta neta media por persona ;2019;16.227
20036 Hondarribia;2003601 Hondarribia distrito 01;2003601012 Hondarribia sección 01012;Renta neta media por persona ;2019;24.696
20037 Gaintza;;;Renta neta media por persona ;2019;17.083
20037 Gaintza;2003701 Gaintza distrito 01;;Renta neta media por persona ;2019;17.083
20037 Gaintza;2003701 Gaintza distrito 01;2003701001 Gaintza sección 01001;Renta neta media por persona ;2019;17.083
20038 Gabiria;;;Renta neta media por persona ;2019;18.227
20038 Gabiria;2003801 Gabiria distrito 01;;Renta neta media por persona ;2019;18.227
20038 Gabiria;2003801 Gabiria distrito 01;2003801001 Gabiria sección 01001;Renta neta media por persona ;2019;18.227
20039 Getaria;;;Renta neta media por persona ;2019;16.738
20039 Getaria;2003901 Getaria distrito 01;;Renta neta media por persona ;2019;16.738
20039 Getaria;2003901 Getaria distrito 01;2003901001 Getaria sección 01001;Renta neta media por persona ;2019;16.487
20039 Getaria;2003901 Getaria distrito 01;2003901002 Getaria sección 01002;Renta neta media por persona ;2019;16.880
20040 Hernani;;;Renta neta media por persona ;2019;14.886
20040 Hernani;2004001 Hernani distrito 01;;Renta neta media por persona ;2019;14.886
20040 Hernani;2004001 Hernani distrito 01;2004001001 Hernani sección 01001;Renta neta media por persona ;2019;13.739
20040 Hernani;2004001 Hernani distrito 01;2004001002 Hernani sección 01002;Renta neta media por persona ;2019;14.923
20040 Hernani;2004001 Hernani distrito 01;2004001003 Hernani sección 01003;Renta neta media por persona ;2019;16.075
20040 Hernani;2004001 Hernani distrito 01;2004001004 Hernani sección 01004;Renta neta media por persona ;2019;15.389
20040 Hernani;2004001 Hernani distrito 01;2004001005 Hernani sección 01005;Renta neta media por persona ;2019;15.678
20040 Hernani;2004001 Hernani distrito 01;2004001006 Hernani sección 01006;Renta neta media por persona ;2019;13.257
20040 Hernani;2004001 Hernani distrito 01;2004001007 Hernani sección 01007;Renta neta media por persona ;2019;14.082
20040 Hernani;2004001 Hernani distrito 01;2004001008 Hernani sección 01008;Renta neta media por persona ;2019;13.062
20040 Hernani;2004001 Hernani distrito 01;2004001009 Hernani sección 01009;Renta neta media por persona ;2019;15.939
20040 Hernani;2004001 Hernani distrito 01;2004001010 Hernani sección 01010;Renta neta media por persona ;2019;16.119
20040 Hernani;2004001 Hernani distrito 01;2004001011 Hernani sección 01011;Renta neta media por persona ;2019;13.084
20040 Hernani;2004001 Hernani distrito 01;2004001012 Hernani sección 01012;Renta neta media por persona ;2019;14.911
20040 Hernani;2004001 Hernani distrito 01;2004001013 Hernani sección 01013;Renta neta media por persona ;2019;13.733
20040 Hernani;2004001 Hernani distrito 01;2004001014 Hernani sección 01014;Renta neta media por persona ;2019;14.321
20040 Hernani;2004001 Hernani distrito 01;2004001015 Hernani sección 01015;Renta neta media por persona ;2019;17.460
20040 Hernani;2004001 Hernani distrito 01;2004001016 Hernani sección 01016;Renta neta media por persona ;2019;15.739
20041 Hernialde;;;Renta neta media por persona ;2019;15.761
20041 Hernialde;2004101 Hernialde distrito 01;;Renta neta media por persona ;2019;15.761
20041 Hernialde;2004101 Hernialde distrito 01;2004101001 Hernialde sección 01001;Renta neta media por persona ;2019;15.761
20042 Ibarra;;;Renta neta media por persona ;2019;14.670
20042 Ibarra;2004201 Ibarra distrito 01;;Renta neta media por persona ;2019;14.670
20042 Ibarra;2004201 Ibarra distrito 01;2004201001 Ibarra sección 01001;Renta neta media por persona ;2019;14.556
20042 Ibarra;2004201 Ibarra distrito 01;2004201002 Ibarra sección 01002;Renta neta media por persona ;2019;13.785
20042 Ibarra;2004201 Ibarra distrito 01;2004201003 Ibarra sección 01003;Renta neta media por persona ;2019;16.184
20043 Idiazabal;;;Renta neta media por persona ;2019;18.125
20043 Idiazabal;2004301 Idiazabal distrito 01;;Renta neta media por persona ;2019;18.125
20043 Idiazabal;2004301 Idiazabal distrito 01;2004301001 Idiazabal sección 01001;Renta neta media por persona ;2019;18.125
20044 Ikaztegieta;;;Renta neta media por persona ;2019;14.017
20044 Ikaztegieta;2004401 Ikaztegieta distrito 01;;Renta neta media por persona ;2019;14.017
20044 Ikaztegieta;2004401 Ikaztegieta distrito 01;2004401001 Ikaztegieta sección 01001;Renta neta media por persona ;2019;14.017
20045 Irun;;;Renta neta media por persona ;2019;13.853
20045 Irun;2004501 Irun distrito 01;;Renta neta media por persona ;2019;15.217
20045 Irun;2004501 Irun distrito 01;2004501001 Irun sección 01001;Renta neta media por persona ;2019;15.015
20045 Irun;2004501 Irun distrito 01;2004501002 Irun sección 01002;Renta neta media por persona ;2019;14.253
20045 Irun;2004501 Irun distrito 01;2004501003 Irun sección 01003;Renta neta media por persona ;2019;15.994
20045 Irun;2004501 Irun distrito 01;2004501004 Irun sección 01004;Renta neta media por persona ;2019;15.518
20045 Irun;2004502 Irun distrito 02;;Renta neta media por persona ;2019;13.843
20045 Irun;2004502 Irun distrito 02;2004502001 Irun sección 02001;Renta neta media por persona ;2019;12.819
20045 Irun;2004502 Irun distrito 02;2004502002 Irun sección 02002;Renta neta media por persona ;2019;11.963
20045 Irun;2004502 Irun distrito 02;2004502003 Irun sección 02003;Renta neta media por persona ;2019;13.945
20045 Irun;2004502 Irun distrito 02;2004502004 Irun sección 02004;Renta neta media por persona ;2019;13.289
20045 Irun;2004502 Irun distrito 02;2004502005 Irun sección 02005;Renta neta media por persona ;2019;15.363
20045 Irun;2004502 Irun distrito 02;2004502006 Irun sección 02006;Renta neta media por persona ;2019;15.913
20045 Irun;2004502 Irun distrito 02;2004502007 Irun sección 02007;Renta neta media por persona ;2019;13.616
20045 Irun;2004502 Irun distrito 02;2004502008 Irun sección 02008;Renta neta media por persona ;2019;12.824
20045 Irun;2004502 Irun distrito 02;2004502009 Irun sección 02009;Renta neta media por persona ;2019;14.407
20045 Irun;2004502 Irun distrito 02;2004502010 Irun sección 02010;Renta neta media por persona ;2019;15.057
20045 Irun;2004503 Irun distrito 03;;Renta neta media por persona ;2019;13.690
20045 Irun;2004503 Irun distrito 03;2004503001 Irun sección 03001;Renta neta media por persona ;2019;19.756
20045 Irun;2004503 Irun distrito 03;2004503002 Irun sección 03002;Renta neta media por persona ;2019;11.033
20045 Irun;2004503 Irun distrito 03;2004503003 Irun sección 03003;Renta neta media por persona ;2019;11.555
20045 Irun;2004503 Irun distrito 03;2004503004 Irun sección 03004;Renta neta media por persona ;2019;10.923
20045 Irun;2004503 Irun distrito 03;2004503005 Irun sección 03005;Renta neta media por persona ;2019;11.183
20045 Irun;2004503 Irun distrito 03;2004503006 Irun sección 03006;Renta neta media por persona ;2019;14.938
20045 Irun;2004503 Irun distrito 03;2004503007 Irun sección 03007;Renta neta media por persona ;2019;11.725
20045 Irun;2004503 Irun distrito 03;2004503008 Irun sección 03008;Renta neta media por persona ;2019;13.693
20045 Irun;2004503 Irun distrito 03;2004503009 Irun sección 03009;Renta neta media por persona ;2019;13.495
20045 Irun;2004503 Irun distrito 03;2004503010 Irun sección 03010;Renta neta media por persona ;2019;12.607
20045 Irun;2004503 Irun distrito 03;2004503011 Irun sección 03011;Renta neta media por persona ;2019;13.813
20045 Irun;2004503 Irun distrito 03;2004503012 Irun sección 03012;Renta neta media por persona ;2019;12.693
20045 Irun;2004503 Irun distrito 03;2004503013 Irun sección 03013;Renta neta media por persona ;2019;12.535
20045 Irun;2004503 Irun distrito 03;2004503014 Irun sección 03014;Renta neta media por persona ;2019;12.303
20045 Irun;2004503 Irun distrito 03;2004503015 Irun sección 03015;Renta neta media por persona ;2019;14.569
20045 Irun;2004503 Irun distrito 03;2004503016 Irun sección 03016;Renta neta media por persona ;2019;9.726
20045 Irun;2004503 Irun distrito 03;2004503017 Irun sección 03017;Renta neta media por persona ;2019;17.139
20045 Irun;2004503 Irun distrito 03;2004503018 Irun sección 03018;Renta neta media por persona ;2019;12.791
20045 Irun;2004503 Irun distrito 03;2004503019 Irun sección 03019;Renta neta media por persona ;2019;18.675
20045 Irun;2004504 Irun distrito 04;;Renta neta media por persona ;2019;13.342
20045 Irun;2004504 Irun distrito 04;2004504001 Irun sección 04001;Renta neta media por persona ;2019;11.150
20045 Irun;2004504 Irun distrito 04;2004504002 Irun sección 04002;Renta neta media por persona ;2019;11.057
20045 Irun;2004504 Irun distrito 04;2004504003 Irun sección 04003;Renta neta media por persona ;2019;11.428
20045 Irun;2004504 Irun distrito 04;2004504004 Irun sección 04004;Renta neta media por persona ;2019;14.419
20045 Irun;2004504 Irun distrito 04;2004504005 Irun sección 04005;Renta neta media por persona ;2019;12.227
20045 Irun;2004504 Irun distrito 04;2004504006 Irun sección 04006;Renta neta media por persona ;2019;13.085
20045 Irun;2004504 Irun distrito 04;2004504007 Irun sección 04007;Renta neta media por persona ;2019;14.067
20045 Irun;2004504 Irun distrito 04;2004504008 Irun sección 04008;Renta neta media por persona ;2019;15.088
20045 Irun;2004504 Irun distrito 04;2004504009 Irun sección 04009;Renta neta media por persona ;2019;16.443
20046 Irura;;;Renta neta media por persona ;2019;15.130
20046 Irura;2004601 Irura distrito 01;;Renta neta media por persona ;2019;15.130
20046 Irura;2004601 Irura distrito 01;2004601001 Irura sección 01001;Renta neta media por persona ;2019;15.130
20047 Itsasondo;;;Renta neta media por persona ;2019;14.223
20047 Itsasondo;2004701 Itsasondo distrito 01;;Renta neta media por persona ;2019;14.223
20047 Itsasondo;2004701 Itsasondo distrito 01;2004701001 Itsasondo sección 01001;Renta neta media por persona ;2019;14.223
20048 Larraul;;;Renta neta media por persona ;2019;14.178
20048 Larraul;2004801 Larraul distrito 01;;Renta neta media por persona ;2019;14.178
20048 Larraul;2004801 Larraul distrito 01;2004801001 Larraul sección 01001;Renta neta media por persona ;2019;14.178
20049 Lazkao;;;Renta neta media por persona ;2019;16.488
20049 Lazkao;2004901 Lazkao distrito 01;;Renta neta media por persona ;2019;16.488
20049 Lazkao;2004901 Lazkao distrito 01;2004901001 Lazkao sección 01001;Renta neta media por persona ;2019;15.952
20049 Lazkao;2004901 Lazkao distrito 01;2004901002 Lazkao sección 01002;Renta neta media por persona ;2019;15.363
20049 Lazkao;2004901 Lazkao distrito 01;2004901003 Lazkao sección 01003;Renta neta media por persona ;2019;18.014
20050 Leaburu;;;Renta neta media por persona ;2019;14.758
20050 Leaburu;2005001 Leaburu distrito 01;;Renta neta media por persona ;2019;14.758
20050 Leaburu;2005001 Leaburu distrito 01;2005001001 Leaburu sección 01001;Renta neta media por persona ;2019;14.758
20051 Legazpi;;;Renta neta media por persona ;2019;16.299
20051 Legazpi;2005101 Legazpi distrito 01;;Renta neta media por persona ;2019;16.299
20051 Legazpi;2005101 Legazpi distrito 01;2005101001 Legazpi sección 01001;Renta neta media por persona ;2019;16.308
20051 Legazpi;2005101 Legazpi distrito 01;2005101002 Legazpi sección 01002;Renta neta media por persona ;2019;17.428
20051 Legazpi;2005101 Legazpi distrito 01;2005101003 Legazpi sección 01003;Renta neta media por persona ;2019;15.867
20051 Legazpi;2005101 Legazpi distrito 01;2005101004 Legazpi sección 01004;Renta neta media por persona ;2019;16.194
20051 Legazpi;2005101 Legazpi distrito 01;2005101005 Legazpi sección 01005;Renta neta media por persona ;2019;14.613
20051 Legazpi;2005101 Legazpi distrito 01;2005101006 Legazpi sección 01006;Renta neta media por persona ;2019;16.415
20051 Legazpi;2005101 Legazpi distrito 01;2005101007 Legazpi sección 01007;Renta neta media por persona ;2019;16.069
20052 Legorreta;;;Renta neta media por persona ;2019;14.915
20052 Legorreta;2005201 Legorreta distrito 01;;Renta neta media por persona ;2019;14.915
20052 Legorreta;2005201 Legorreta distrito 01;2005201001 Legorreta sección 01001;Renta neta media por persona ;2019;14.915
20053 Lezo;;;Renta neta media por persona ;2019;14.364
20053 Lezo;2005301 Lezo distrito 01;;Renta neta media por persona ;2019;14.364
20053 Lezo;2005301 Lezo distrito 01;2005301001 Lezo sección 01001;Renta neta media por persona ;2019;14.618
20053 Lezo;2005301 Lezo distrito 01;2005301002 Lezo sección 01002;Renta neta media por persona ;2019;14.589
20053 Lezo;2005301 Lezo distrito 01;2005301003 Lezo sección 01003;Renta neta media por persona ;2019;13.274
20053 Lezo;2005301 Lezo distrito 01;2005301004 Lezo sección 01004;Renta neta media por persona ;2019;14.829
20054 Lizartza;;;Renta neta media por persona ;2019;14.670
20054 Lizartza;2005401 Lizartza distrito 01;;Renta neta media por persona ;2019;14.670
20054 Lizartza;2005401 Lizartza distrito 01;2005401001 Lizartza sección 01001;Renta neta media por persona ;2019;14.670
20055 Arrasate/Mondragón;;;Renta neta media por persona ;2019;17.058
20055 Arrasate/Mondragón;2005501 Arrasate/Mondragón distrito 01;;Renta neta media por persona ;2019;18.620
20055 Arrasate/Mondragón;2005501 Arrasate/Mondragón distrito 01;2005501001 Arrasate/Mondragón sección 01001;Renta neta media por persona ;2019;16.660
20055 Arrasate/Mondragón;2005501 Arrasate/Mondragón distrito 01;2005501002 Arrasate/Mondragón sección 01002;Renta neta media por persona ;2019;20.598
20055 Arrasate/Mondragón;2005501 Arrasate/Mondragón distrito 01;2005501003 Arrasate/Mondragón sección 01003;Renta neta media por persona ;2019;20.054
20055 Arrasate/Mondragón;2005501 Arrasate/Mondragón distrito 01;2005501004 Arrasate/Mondragón sección 01004;Renta neta media por persona ;2019;17.762
20055 Arrasate/Mondragón;2005501 Arrasate/Mondragón distrito 01;2005501005 Arrasate/Mondragón sección 01005;Renta neta media por persona ;2019;21.094
20055 Arrasate/Mondragón;2005501 Arrasate/Mondragón distrito 01;2005501006 Arrasate/Mondragón sección 01006;Renta neta media por persona ;2019;16.909
20055 Arrasate/Mondragón;2005502 Arrasate/Mondragón distrito 02;;Renta neta media por persona ;2019;15.465
20055 Arrasate/Mondragón;2005502 Arrasate/Mondragón distrito 02;2005502001 Arrasate/Mondragón sección 02001;Renta neta media por persona ;2019;17.613
20055 Arrasate/Mondragón;2005502 Arrasate/Mondragón distrito 02;2005502002 Arrasate/Mondragón sección 02002;Renta neta media por persona ;2019;14.389
20055 Arrasate/Mondragón;2005502 Arrasate/Mondragón distrito 02;2005502003 Arrasate/Mondragón sección 02003;Renta neta media por persona ;2019;13.771
20055 Arrasate/Mondragón;2005502 Arrasate/Mondragón distrito 02;2005502004 Arrasate/Mondragón sección 02004;Renta neta media por persona ;2019;15.585
20055 Arrasate/Mondragón;2005503 Arrasate/Mondragón distrito 03;;Renta neta media por persona ;2019;14.461
20055 Arrasate/Mondragón;2005503 Arrasate/Mondragón distrito 03;2005503001 Arrasate/Mondragón sección 03001;Renta neta media por persona ;2019;15.383
20055 Arrasate/Mondragón;2005503 Arrasate/Mondragón distrito 03;2005503002 Arrasate/Mondragón sección 03002;Renta neta media por persona ;2019;14.630
20055 Arrasate/Mondragón;2005503 Arrasate/Mondragón distrito 03;2005503003 Arrasate/Mondragón sección 03003;Renta neta media por persona ;2019;13.553
20055 Arrasate/Mondragón;2005504 Arrasate/Mondragón distrito 04;;Renta neta media por persona ;2019;17.103
20055 Arrasate/Mondragón;2005504 Arrasate/Mondragón distrito 04;2005504001 Arrasate/Mondragón sección 04001;Renta neta media por persona ;2019;17.346
20055 Arrasate/Mondragón;2005504 Arrasate/Mondragón distrito 04;2005504002 Arrasate/Mondragón sección 04002;Renta neta media por persona ;2019;16.974
20055 Arrasate/Mondragón;2005504 Arrasate/Mondragón distrito 04;2005504003 Arrasate/Mondragón sección 04003;Renta neta media por persona ;2019;15.703
20055 Arrasate/Mondragón;2005504 Arrasate/Mondragón distrito 04;2005504004 Arrasate/Mondragón sección 04004;Renta neta media por persona ;2019;19.203
20055 Arrasate/Mondragón;2005505 Arrasate/Mondragón distrito 05;;Renta neta media por persona ;2019;19.304
20055 Arrasate/Mondragón;2005505 Arrasate/Mondragón distrito 05;2005505001 Arrasate/Mondragón sección 05001;Renta neta media por persona ;2019;19.304
20056 Mutriku;;;Renta neta media por persona ;2019;15.124
20056 Mutriku;2005601 Mutriku distrito 01;;Renta neta media por persona ;2019;15.160
20056 Mutriku;2005601 Mutriku distrito 01;2005601001 Mutriku sección 01001;Renta neta media por persona ;2019;16.628
20056 Mutriku;2005601 Mutriku distrito 01;2005601002 Mutriku sección 01002;Renta neta media por persona ;2019;15.247
20056 Mutriku;2005601 Mutriku distrito 01;2005601003 Mutriku sección 01003;Renta neta media por persona ;2019;13.850
20056 Mutriku;2005602 Mutriku distrito 02;;Renta neta media por persona ;2019;14.926
20056 Mutriku;2005602 Mutriku distrito 02;2005602001 Mutriku sección 02001;Renta neta media por persona ;2019;14.926
20057 Mutiloa;;;Renta neta media por persona ;2019;19.017
20057 Mutiloa;2005701 Mutiloa distrito 01;;Renta neta media por persona ;2019;19.017
20057 Mutiloa;2005701 Mutiloa distrito 01;2005701001 Mutiloa sección 01001;Renta neta media por persona ;2019;19.017
20058 Olaberria;;;Renta neta media por persona ;2019;16.866
20058 Olaberria;2005801 Olaberria distrito 01;;Renta neta media por persona ;2019;16.866
20058 Olaberria;2005801 Olaberria distrito 01;2005801001 Olaberria sección 01001;Renta neta media por persona ;2019;16.866
20059 Oñati;;;Renta neta media por persona ;2019;18.269
20059 Oñati;2005901 Oñati distrito 01;;Renta neta media por persona ;2019;18.237
20059 Oñati;2005901 Oñati distrito 01;2005901001 Oñati sección 01001;Renta neta media por persona ;2019;19.589
20059 Oñati;2005901 Oñati distrito 01;2005901002 Oñati sección 01002;Renta neta media por persona ;2019;17.934
20059 Oñati;2005901 Oñati distrito 01;2005901003 Oñati sección 01003;Renta neta media por persona ;2019;17.096
20059 Oñati;2005901 Oñati distrito 01;2005901004 Oñati sección 01004;Renta neta media por persona ;2019;16.940
20059 Oñati;2005901 Oñati distrito 01;2005901005 Oñati sección 01005;Renta neta media por persona ;2019;17.826
20059 Oñati;2005901 Oñati distrito 01;2005901006 Oñati sección 01006;Renta neta media por persona ;2019;19.304
20059 Oñati;2005901 Oñati distrito 01;2005901007 Oñati sección 01007;Renta neta media por persona ;2019;18.078
20059 Oñati;2005902 Oñati distrito 02;;Renta neta media por persona ;2019;18.419
20059 Oñati;2005902 Oñati distrito 02;2005902001 Oñati sección 02001;Renta neta media por persona ;2019;18.419
20060 Orexa;;;Renta neta media por persona ;2019;14.103
20060 Orexa;2006001 Orexa distrito 01;;Renta neta media por persona ;2019;14.103
20060 Orexa;2006001 Orexa distrito 01;2006001001 Orexa sección 01001;Renta neta media por persona ;2019;14.103
20061 Orio;;;Renta neta media por persona ;2019;16.016
20061 Orio;2006101 Orio distrito 01;;Renta neta media por persona ;2019;16.016
20061 Orio;2006101 Orio distrito 01;2006101001 Orio sección 01001;Renta neta media por persona ;2019;16.814
20061 Orio;2006101 Orio distrito 01;2006101002 Orio sección 01002;Renta neta media por persona ;2019;15.172
20061 Orio;2006101 Orio distrito 01;2006101003 Orio sección 01003;Renta neta media por persona ;2019;15.905
20062 Ormaiztegi;;;Renta neta media por persona ;2019;17.472
20062 Ormaiztegi;2006201 Ormaiztegi distrito 01;;Renta neta media por persona ;2019;17.472
20062 Ormaiztegi;2006201 Ormaiztegi distrito 01;2006201001 Ormaiztegi sección 01001;Renta neta media por persona ;2019;17.472
20063 Oiartzun;;;Renta neta media por persona ;2019;15.907
20063 Oiartzun;2006301 Oiartzun distrito 01;;Renta neta media por persona ;2019;15.907
20063 Oiartzun;2006301 Oiartzun distrito 01;2006301001 Oiartzun sección 01001;Renta neta media por persona ;2019;17.489
20063 Oiartzun;2006301 Oiartzun distrito 01;2006301002 Oiartzun sección 01002;Renta neta media por persona ;2019;15.128
20063 Oiartzun;2006301 Oiartzun distrito 01;2006301003 Oiartzun sección 01003;Renta neta media por persona ;2019;15.127
20063 Oiartzun;2006301 Oiartzun distrito 01;2006301004 Oiartzun sección 01004;Renta neta media por persona ;2019;15.402
20063 Oiartzun;2006301 Oiartzun distrito 01;2006301005 Oiartzun sección 01005;Renta neta media por persona ;2019;14.033
20063 Oiartzun;2006301 Oiartzun distrito 01;2006301006 Oiartzun sección 01006;Renta neta media por persona ;2019;16.268
20063 Oiartzun;2006301 Oiartzun distrito 01;2006301007 Oiartzun sección 01007;Renta neta media por persona ;2019;16.904
20064 Pasaia;;;Renta neta media por persona ;2019;13.465
20064 Pasaia;2006401 Pasaia distrito 01;;Renta neta media por persona ;2019;14.424
20064 Pasaia;2006401 Pasaia distrito 01;2006401001 Pasaia sección 01001;Renta neta media por persona ;2019;14.522
20064 Pasaia;2006401 Pasaia distrito 01;2006401002 Pasaia sección 01002;Renta neta media por persona ;2019;14.364
20064 Pasaia;2006402 Pasaia distrito 02;;Renta neta media por persona ;2019;14.447
20064 Pasaia;2006402 Pasaia distrito 02;2006402001 Pasaia sección 02001;Renta neta media por persona ;2019;16.076
20064 Pasaia;2006402 Pasaia distrito 02;2006402002 Pasaia sección 02002;Renta neta media por persona ;2019;13.083
20064 Pasaia;2006402 Pasaia distrito 02;2006402003 Pasaia sección 02003;Renta neta media por persona ;2019;12.297
20064 Pasaia;2006402 Pasaia distrito 02;2006402009 Pasaia sección 02009;Renta neta media por persona ;2019;16.164
20064 Pasaia;2006403 Pasaia distrito 03;;Renta neta media por persona ;2019;13.656
20064 Pasaia;2006403 Pasaia distrito 03;2006403001 Pasaia sección 03001;Renta neta media por persona ;2019;12.974
20064 Pasaia;2006403 Pasaia distrito 03;2006403002 Pasaia sección 03002;Renta neta media por persona ;2019;14.394
20064 Pasaia;2006403 Pasaia distrito 03;2006403003 Pasaia sección 03003;Renta neta media por persona ;2019;13.608
20064 Pasaia;2006404 Pasaia distrito 04;;Renta neta media por persona ;2019;12.418
20064 Pasaia;2006404 Pasaia distrito 04;2006404001 Pasaia sección 04001;Renta neta media por persona ;2019;12.922
20064 Pasaia;2006404 Pasaia distrito 04;2006404002 Pasaia sección 04002;Renta neta media por persona ;2019;12.743
20064 Pasaia;2006404 Pasaia distrito 04;2006404003 Pasaia sección 04003;Renta neta media por persona ;2019;11.838
20064 Pasaia;2006404 Pasaia distrito 04;2006404004 Pasaia sección 04004;Renta neta media por persona ;2019;12.539
20064 Pasaia;2006404 Pasaia distrito 04;2006404005 Pasaia sección 04005;Renta neta media por persona ;2019;11.815
20065 Soraluze-Placencia de las Armas;;;Renta neta media por persona ;2019;14.619
20065 Soraluze-Placencia de las Armas;2006501 Soraluze-Placencia de las Armas distrito 01;;Renta neta media por persona ;2019;14.642
20065 Soraluze-Placencia de las Armas;2006501 Soraluze-Placencia de las Armas distrito 01;2006501001 Soraluze-Placencia de las Armas sección 01001;Renta neta media por persona ;2019;15.561
20065 Soraluze-Placencia de las Armas;2006501 Soraluze-Placencia de las Armas distrito 01;2006501002 Soraluze-Placencia de las Armas sección 01002;Renta neta media por persona ;2019;13.533
20065 Soraluze-Placencia de las Armas;2006502 Soraluze-Placencia de las Armas distrito 02;;Renta neta media por persona ;2019;14.583
20065 Soraluze-Placencia de las Armas;2006502 Soraluze-Placencia de las Armas distrito 02;2006502001 Soraluze-Placencia de las Armas sección 02001;Renta neta media por persona ;2019;14.583
20066 Errezil;;;Renta neta media por persona ;2019;13.203
20066 Errezil;2006601 Errezil distrito 01;;Renta neta media por persona ;2019;13.203
20066 Errezil;2006601 Errezil distrito 01;2006601001 Errezil sección 01001;Renta neta media por persona ;2019;13.203
20067 Errenteria;;;Renta neta media por persona ;2019;13.819
20067 Errenteria;2006701 Errenteria distrito 01;;Renta neta media por persona ;2019;13.819
20067 Errenteria;2006701 Errenteria distrito 01;2006701001 Errenteria sección 01001;Renta neta media por persona ;2019;14.681
20067 Errenteria;2006701 Errenteria distrito 01;2006701002 Errenteria sección 01002;Renta neta media por persona ;2019;14.415
20067 Errenteria;2006701 Errenteria distrito 01;2006701003 Errenteria sección 01003;Renta neta media por persona ;2019;13.943
20067 Errenteria;2006701 Errenteria distrito 01;2006701004 Errenteria sección 01004;Renta neta media por persona ;2019;14.347
20067 Errenteria;2006701 Errenteria distrito 01;2006701005 Errenteria sección 01005;Renta neta media por persona ;2019;14.737
20067 Errenteria;2006701 Errenteria distrito 01;2006701006 Errenteria sección 01006;Renta neta media por persona ;2019;15.893
20067 Errenteria;2006701 Errenteria distrito 01;2006701007 Errenteria sección 01007;Renta neta media por persona ;2019;11.576
20067 Errenteria;2006701 Errenteria distrito 01;2006701008 Errenteria sección 01008;Renta neta media por persona ;2019;11.175
20067 Errenteria;2006701 Errenteria distrito 01;2006701009 Errenteria sección 01009;Renta neta media por persona ;2019;14.882
20067 Errenteria;2006701 Errenteria distrito 01;2006701010 Errenteria sección 01010;Renta neta media por persona ;2019;13.468
20067 Errenteria;2006701 Errenteria distrito 01;2006701013 Errenteria sección 01013;Renta neta media por persona ;2019;12.743
20067 Errenteria;2006701 Errenteria distrito 01;2006701014 Errenteria sección 01014;Renta neta media por persona ;2019;12.813
20067 Errenteria;2006701 Errenteria distrito 01;2006701015 Errenteria sección 01015;Renta neta media por persona ;2019;11.818
20067 Errenteria;2006701 Errenteria distrito 01;2006701016 Errenteria sección 01016;Renta neta media por persona ;2019;11.566
20067 Errenteria;2006701 Errenteria distrito 01;2006701017 Errenteria sección 01017;Renta neta media por persona ;2019;13.791
20067 Errenteria;2006701 Errenteria distrito 01;2006701018 Errenteria sección 01018;Renta neta media por persona ;2019;17.577
20067 Errenteria;2006701 Errenteria distrito 01;2006701019 Errenteria sección 01019;Renta neta media por persona ;2019;14.124
20067 Errenteria;2006701 Errenteria distrito 01;2006701020 Errenteria sección 01020;Renta neta media por persona ;2019;14.961
20067 Errenteria;2006701 Errenteria distrito 01;2006701022 Errenteria sección 01022;Renta neta media por persona ;2019;14.261
20067 Errenteria;2006701 Errenteria distrito 01;2006701023 Errenteria sección 01023;Renta neta media por persona ;2019;13.236
20067 Errenteria;2006701 Errenteria distrito 01;2006701024 Errenteria sección 01024;Renta neta media por persona ;2019;12.402
20067 Errenteria;2006701 Errenteria distrito 01;2006701025 Errenteria sección 01025;Renta neta media por persona ;2019;13.563
20067 Errenteria;2006701 Errenteria distrito 01;2006701026 Errenteria sección 01026;Renta neta media por persona ;2019;12.617
20067 Errenteria;2006701 Errenteria distrito 01;2006701027 Errenteria sección 01027;Renta neta media por persona ;2019;12.636
20067 Errenteria;2006701 Errenteria distrito 01;2006701028 Errenteria sección 01028;Renta neta media por persona ;2019;12.414
20067 Errenteria;2006701 Errenteria distrito 01;2006701029 Errenteria sección 01029;Renta neta media por persona ;2019;13.058
20067 Errenteria;2006701 Errenteria distrito 01;2006701030 Errenteria sección 01030;Renta neta media por persona ;2019;15.830
20067 Errenteria;2006701 Errenteria distrito 01;2006701032 Errenteria sección 01032;Renta neta media por persona ;2019;11.481
20067 Errenteria;2006701 Errenteria distrito 01;2006701034 Errenteria sección 01034;Renta neta media por persona ;2019;13.286
20067 Errenteria;2006701 Errenteria distrito 01;2006701035 Errenteria sección 01035;Renta neta media por persona ;2019;16.204
20067 Errenteria;2006701 Errenteria distrito 01;2006701036 Errenteria sección 01036;Renta neta media por persona ;2019;16.411
20068 Leintz-Gatzaga;;;Renta neta media por persona ;2019;17.312
20068 Leintz-Gatzaga;2006801 Leintz-Gatzaga distrito 01;;Renta neta media por persona ;2019;17.312
20068 Leintz-Gatzaga;2006801 Leintz-Gatzaga distrito 01;2006801001 Leintz-Gatzaga sección 01001;Renta neta media por persona ;2019;17.312
20069 Donostia/San Sebastián;;;Renta neta media por persona ;2019;18.874
20069 Donostia/San Sebastián;2006901 Donostia/San Sebastián distrito 01;;Renta neta media por persona ;2019;18.668
20069 Donostia/San Sebastián;2006901 Donostia/San Sebastián distrito 01;2006901001 Donostia/San Sebastián sección 01001;Renta neta media por persona ;2019;17.273
20069 Donostia/San Sebastián;2006901 Donostia/San Sebastián distrito 01;2006901002 Donostia/San Sebastián sección 01002;Renta neta media por persona ;2019;19.107
20069 Donostia/San Sebastián;2006901 Donostia/San Sebastián distrito 01;2006901003 Donostia/San Sebastián sección 01003;Renta neta media por persona ;2019;15.553
20069 Donostia/San Sebastián;2006901 Donostia/San Sebastián distrito 01;2006901005 Donostia/San Sebastián sección 01005;Renta neta media por persona ;2019;20.688
20069 Donostia/San Sebastián;2006901 Donostia/San Sebastián distrito 01;2006901006 Donostia/San Sebastián sección 01006;Renta neta media por persona ;2019;22.857
20069 Donostia/San Sebastián;2006901 Donostia/San Sebastián distrito 01;2006901007 Donostia/San Sebastián sección 01007;Renta neta media por persona ;2019;16.699
20069 Donostia/San Sebastián;2006902 Donostia/San Sebastián distrito 02;;Renta neta media por persona ;2019;27.087
20069 Donostia/San Sebastián;2006902 Donostia/San Sebastián distrito 02;2006902001 Donostia/San Sebastián sección 02001;Renta neta media por persona ;2019;25.065
20069 Donostia/San Sebastián;2006902 Donostia/San Sebastián distrito 02;2006902002 Donostia/San Sebastián sección 02002;Renta neta media por persona ;2019;30.451
20069 Donostia/San Sebastián;2006902 Donostia/San Sebastián distrito 02;2006902004 Donostia/San Sebastián sección 02004;Renta neta media por persona ;2019;29.950
20069 Donostia/San Sebastián;2006902 Donostia/San Sebastián distrito 02;2006902005 Donostia/San Sebastián sección 02005;Renta neta media por persona ;2019;22.454
20069 Donostia/San Sebastián;2006902 Donostia/San Sebastián distrito 02;2006902006 Donostia/San Sebastián sección 02006;Renta neta media por persona ;2019;26.894
20069 Donostia/San Sebastián;2006902 Donostia/San Sebastián distrito 02;2006902007 Donostia/San Sebastián sección 02007;Renta neta media por persona ;2019;28.944
20069 Donostia/San Sebastián;2006902 Donostia/San Sebastián distrito 02;2006902008 Donostia/San Sebastián sección 02008;Renta neta media por persona ;2019;26.138
20069 Donostia/San Sebastián;2006902 Donostia/San Sebastián distrito 02;2006902009 Donostia/San Sebastián sección 02009;Renta neta media por persona ;2019;24.301
20069 Donostia/San Sebastián;2006903 Donostia/San Sebastián distrito 03;;Renta neta media por persona ;2019;18.853
20069 Donostia/San Sebastián;2006903 Donostia/San Sebastián distrito 03;2006903001 Donostia/San Sebastián sección 03001;Renta neta media por persona ;2019;25.027
20069 Donostia/San Sebastián;2006903 Donostia/San Sebastián distrito 03;2006903002 Donostia/San Sebastián sección 03002;Renta neta media por persona ;2019;23.048
20069 Donostia/San Sebastián;2006903 Donostia/San Sebastián distrito 03;2006903003 Donostia/San Sebastián sección 03003;Renta neta media por persona ;2019;19.368
20069 Donostia/San Sebastián;2006903 Donostia/San Sebastián distrito 03;2006903004 Donostia/San Sebastián sección 03004;Renta neta media por persona ;2019;22.973
20069 Donostia/San Sebastián;2006903 Donostia/San Sebastián distrito 03;2006903005 Donostia/San Sebastián sección 03005;Renta neta media por persona ;2019;18.263
20069 Donostia/San Sebastián;2006903 Donostia/San Sebastián distrito 03;2006903006 Donostia/San Sebastián sección 03006;Renta neta media por persona ;2019;14.398
20069 Donostia/San Sebastián;2006903 Donostia/San Sebastián distrito 03;2006903007 Donostia/San Sebastián sección 03007;Renta neta media por persona ;2019;17.633
20069 Donostia/San Sebastián;2006903 Donostia/San Sebastián distrito 03;2006903008 Donostia/San Sebastián sección 03008;Renta neta media por persona ;2019;20.052
20069 Donostia/San Sebastián;2006903 Donostia/San Sebastián distrito 03;2006903009 Donostia/San Sebastián sección 03009;Renta neta media por persona ;2019;21.757
20069 Donostia/San Sebastián;2006903 Donostia/San Sebastián distrito 03;2006903010 Donostia/San Sebastián sección 03010;Renta neta media por persona ;2019;24.966
20069 Donostia/San Sebastián;2006903 Donostia/San Sebastián distrito 03;2006903011 Donostia/San Sebastián sección 03011;Renta neta media por persona ;2019;19.310
20069 Donostia/San Sebastián;2006903 Donostia/San Sebastián distrito 03;2006903012 Donostia/San Sebastián sección 03012;Renta neta media por persona ;2019;21.870
20069 Donostia/San Sebastián;2006903 Donostia/San Sebastián distrito 03;2006903013 Donostia/San Sebastián sección 03013;Renta neta media por persona ;2019;15.021
20069 Donostia/San Sebastián;2006903 Donostia/San Sebastián distrito 03;2006903014 Donostia/San Sebastián sección 03014;Renta neta media por persona ;2019;16.372
20069 Donostia/San Sebastián;2006903 Donostia/San Sebastián distrito 03;2006903015 Donostia/San Sebastián sección 03015;Renta neta media por persona ;2019;17.104
20069 Donostia/San Sebastián;2006903 Donostia/San Sebastián distrito 03;2006903016 Donostia/San Sebastián sección 03016;Renta neta media por persona ;2019;17.791
20069 Donostia/San Sebastián;2006903 Donostia/San Sebastián distrito 03;2006903017 Donostia/San Sebastián sección 03017;Renta neta media por persona ;2019;16.920
20069 Donostia/San Sebastián;2006903 Donostia/San Sebastián distrito 03;2006903018 Donostia/San Sebastián sección 03018;Renta neta media por persona ;2019;16.251
20069 Donostia/San Sebastián;2006903 Donostia/San Sebastián distrito 03;2006903019 Donostia/San Sebastián sección 03019;Renta neta media por persona ;2019;19.831
20069 Donostia/San Sebastián;2006903 Donostia/San Sebastián distrito 03;2006903020 Donostia/San Sebastián sección 03020;Renta neta media por persona ;2019;18.871
20069 Donostia/San Sebastián;2006903 Donostia/San Sebastián distrito 03;2006903021 Donostia/San Sebastián sección 03021;Renta neta media por persona ;2019;13.525
20069 Donostia/San Sebastián;2006903 Donostia/San Sebastián distrito 03;2006903022 Donostia/San Sebastián sección 03022;Renta neta media por persona ;2019;15.431
20069 Donostia/San Sebastián;2006903 Donostia/San Sebastián distrito 03;2006903024 Donostia/San Sebastián sección 03024;Renta neta media por persona ;2019;19.116
20069 Donostia/San Sebastián;2006903 Donostia/San Sebastián distrito 03;2006903025 Donostia/San Sebastián sección 03025;Renta neta media por persona ;2019;20.602
20069 Donostia/San Sebastián;2006903 Donostia/San Sebastián distrito 03;2006903026 Donostia/San Sebastián sección 03026;Renta neta media por persona ;2019;17.563
20069 Donostia/San Sebastián;2006903 Donostia/San Sebastián distrito 03;2006903027 Donostia/San Sebastián sección 03027;Renta neta media por persona ;2019;17.849
20069 Donostia/San Sebastián;2006903 Donostia/San Sebastián distrito 03;2006903028 Donostia/San Sebastián sección 03028;Renta neta media por persona ;2019;14.318
20069 Donostia/San Sebastián;2006903 Donostia/San Sebastián distrito 03;2006903029 Donostia/San Sebastián sección 03029;Renta neta media por persona ;2019;18.090
20069 Donostia/San Sebastián;2006903 Donostia/San Sebastián distrito 03;2006903030 Donostia/San Sebastián sección 03030;Renta neta media por persona ;2019;20.896
20069 Donostia/San Sebastián;2006903 Donostia/San Sebastián distrito 03;2006903031 Donostia/San Sebastián sección 03031;Renta neta media por persona ;2019;20.836
20069 Donostia/San Sebastián;2006903 Donostia/San Sebastián distrito 03;2006903032 Donostia/San Sebastián sección 03032;Renta neta media por persona ;2019;20.817
20069 Donostia/San Sebastián;2006903 Donostia/San Sebastián distrito 03;2006903033 Donostia/San Sebastián sección 03033;Renta neta media por persona ;2019;17.883
20069 Donostia/San Sebastián;2006903 Donostia/San Sebastián distrito 03;2006903034 Donostia/San Sebastián sección 03034;Renta neta media por persona ;2019;17.779
20069 Donostia/San Sebastián;2006904 Donostia/San Sebastián distrito 04;;Renta neta media por persona ;2019;17.691
20069 Donostia/San Sebastián;2006904 Donostia/San Sebastián distrito 04;2006904001 Donostia/San Sebastián sección 04001;Renta neta media por persona ;2019;27.013
20069 Donostia/San Sebastián;2006904 Donostia/San Sebastián distrito 04;2006904002 Donostia/San Sebastián sección 04002;Renta neta media por persona ;2019;23.832
20069 Donostia/San Sebastián;2006904 Donostia/San Sebastián distrito 04;2006904003 Donostia/San Sebastián sección 04003;Renta neta media por persona ;2019;20.668
20069 Donostia/San Sebastián;2006904 Donostia/San Sebastián distrito 04;2006904004 Donostia/San Sebastián sección 04004;Renta neta media por persona ;2019;20.960
20069 Donostia/San Sebastián;2006904 Donostia/San Sebastián distrito 04;2006904005 Donostia/San Sebastián sección 04005;Renta neta media por persona ;2019;20.310
20069 Donostia/San Sebastián;2006904 Donostia/San Sebastián distrito 04;2006904006 Donostia/San Sebastián sección 04006;Renta neta media por persona ;2019;22.473
20069 Donostia/San Sebastián;2006904 Donostia/San Sebastián distrito 04;2006904007 Donostia/San Sebastián sección 04007;Renta neta media por persona ;2019;17.399
20069 Donostia/San Sebastián;2006904 Donostia/San Sebastián distrito 04;2006904008 Donostia/San Sebastián sección 04008;Renta neta media por persona ;2019;15.675
20069 Donostia/San Sebastián;2006904 Donostia/San Sebastián distrito 04;2006904009 Donostia/San Sebastián sección 04009;Renta neta media por persona ;2019;16.304
20069 Donostia/San Sebastián;2006904 Donostia/San Sebastián distrito 04;2006904010 Donostia/San Sebastián sección 04010;Renta neta media por persona ;2019;15.867
20069 Donostia/San Sebastián;2006904 Donostia/San Sebastián distrito 04;2006904011 Donostia/San Sebastián sección 04011;Renta neta media por persona ;2019;16.543
20069 Donostia/San Sebastián;2006904 Donostia/San Sebastián distrito 04;2006904012 Donostia/San Sebastián sección 04012;Renta neta media por persona ;2019;16.942
20069 Donostia/San Sebastián;2006904 Donostia/San Sebastián distrito 04;2006904013 Donostia/San Sebastián sección 04013;Renta neta media por persona ;2019;17.763
20069 Donostia/San Sebastián;2006904 Donostia/San Sebastián distrito 04;2006904014 Donostia/San Sebastián sección 04014;Renta neta media por persona ;2019;17.172
20069 Donostia/San Sebastián;2006904 Donostia/San Sebastián distrito 04;2006904015 Donostia/San Sebastián sección 04015;Renta neta media por persona ;2019;13.762
20069 Donostia/San Sebastián;2006904 Donostia/San Sebastián distrito 04;2006904016 Donostia/San Sebastián sección 04016;Renta neta media por persona ;2019;13.429
20069 Donostia/San Sebastián;2006904 Donostia/San Sebastián distrito 04;2006904017 Donostia/San Sebastián sección 04017;Renta neta media por persona ;2019;14.987
20069 Donostia/San Sebastián;2006904 Donostia/San Sebastián distrito 04;2006904018 Donostia/San Sebastián sección 04018;Renta neta media por persona ;2019;15.415
20069 Donostia/San Sebastián;2006904 Donostia/San Sebastián distrito 04;2006904019 Donostia/San Sebastián sección 04019;Renta neta media por persona ;2019;18.433
20069 Donostia/San Sebastián;2006904 Donostia/San Sebastián distrito 04;2006904020 Donostia/San Sebastián sección 04020;Renta neta media por persona ;2019;12.578
20069 Donostia/San Sebastián;2006905 Donostia/San Sebastián distrito 05;;Renta neta media por persona ;2019;19.768
20069 Donostia/San Sebastián;2006905 Donostia/San Sebastián distrito 05;2006905001 Donostia/San Sebastián sección 05001;Renta neta media por persona ;2019;24.004
20069 Donostia/San Sebastián;2006905 Donostia/San Sebastián distrito 05;2006905002 Donostia/San Sebastián sección 05002;Renta neta media por persona ;2019;20.484
20069 Donostia/San Sebastián;2006905 Donostia/San Sebastián distrito 05;2006905003 Donostia/San Sebastián sección 05003;Renta neta media por persona ;2019;18.148
20069 Donostia/San Sebastián;2006905 Donostia/San Sebastián distrito 05;2006905004 Donostia/San Sebastián sección 05004;Renta neta media por persona ;2019;17.517
20069 Donostia/San Sebastián;2006905 Donostia/San Sebastián distrito 05;2006905005 Donostia/San Sebastián sección 05005;Renta neta media por persona ;2019;19.568
20069 Donostia/San Sebastián;2006905 Donostia/San Sebastián distrito 05;2006905006 Donostia/San Sebastián sección 05006;Renta neta media por persona ;2019;18.729
20069 Donostia/San Sebastián;2006905 Donostia/San Sebastián distrito 05;2006905007 Donostia/San Sebastián sección 05007;Renta neta media por persona ;2019;17.429
20069 Donostia/San Sebastián;2006905 Donostia/San Sebastián distrito 05;2006905008 Donostia/San Sebastián sección 05008;Renta neta media por persona ;2019;20.602
20069 Donostia/San Sebastián;2006905 Donostia/San Sebastián distrito 05;2006905009 Donostia/San Sebastián sección 05009;Renta neta media por persona ;2019;20.692
20069 Donostia/San Sebastián;2006905 Donostia/San Sebastián distrito 05;2006905010 Donostia/San Sebastián sección 05010;Renta neta media por persona ;2019;20.663
20069 Donostia/San Sebastián;2006905 Donostia/San Sebastián distrito 05;2006905011 Donostia/San Sebastián sección 05011;Renta neta media por persona ;2019;18.728
20069 Donostia/San Sebastián;2006905 Donostia/San Sebastián distrito 05;2006905012 Donostia/San Sebastián sección 05012;Renta neta media por persona ;2019;19.131
20069 Donostia/San Sebastián;2006905 Donostia/San Sebastián distrito 05;2006905013 Donostia/San Sebastián sección 05013;Renta neta media por persona ;2019;19.191
20069 Donostia/San Sebastián;2006905 Donostia/San Sebastián distrito 05;2006905014 Donostia/San Sebastián sección 05014;Renta neta media por persona ;2019;20.230
20069 Donostia/San Sebastián;2006906 Donostia/San Sebastián distrito 06;;Renta neta media por persona ;2019;21.845
20069 Donostia/San Sebastián;2006906 Donostia/San Sebastián distrito 06;2006906001 Donostia/San Sebastián sección 06001;Renta neta media por persona ;2019;32.183
20069 Donostia/San Sebastián;2006906 Donostia/San Sebastián distrito 06;2006906002 Donostia/San Sebastián sección 06002;Renta neta media por persona ;2019;22.524
20069 Donostia/San Sebastián;2006906 Donostia/San Sebastián distrito 06;2006906003 Donostia/San Sebastián sección 06003;Renta neta media por persona ;2019;16.391
20069 Donostia/San Sebastián;2006906 Donostia/San Sebastián distrito 06;2006906004 Donostia/San Sebastián sección 06004;Renta neta media por persona ;2019;18.289
20069 Donostia/San Sebastián;2006906 Donostia/San Sebastián distrito 06;2006906005 Donostia/San Sebastián sección 06005;Renta neta media por persona ;2019;17.474
20069 Donostia/San Sebastián;2006906 Donostia/San Sebastián distrito 06;2006906006 Donostia/San Sebastián sección 06006;Renta neta media por persona ;2019;22.951
20069 Donostia/San Sebastián;2006906 Donostia/San Sebastián distrito 06;2006906007 Donostia/San Sebastián sección 06007;Renta neta media por persona ;2019;32.183
20069 Donostia/San Sebastián;2006906 Donostia/San Sebastián distrito 06;2006906008 Donostia/San Sebastián sección 06008;Renta neta media por persona ;2019;14.377
20069 Donostia/San Sebastián;2006906 Donostia/San Sebastián distrito 06;2006906009 Donostia/San Sebastián sección 06009;Renta neta media por persona ;2019;22.218
20069 Donostia/San Sebastián;2006906 Donostia/San Sebastián distrito 06;2006906010 Donostia/San Sebastián sección 06010;Renta neta media por persona ;2019;22.827
20069 Donostia/San Sebastián;2006906 Donostia/San Sebastián distrito 06;2006906011 Donostia/San Sebastián sección 06011;Renta neta media por persona ;2019;25.445
20069 Donostia/San Sebastián;2006906 Donostia/San Sebastián distrito 06;2006906012 Donostia/San Sebastián sección 06012;Renta neta media por persona ;2019;16.896
20069 Donostia/San Sebastián;2006906 Donostia/San Sebastián distrito 06;2006906013 Donostia/San Sebastián sección 06013;Renta neta media por persona ;2019;18.835
20069 Donostia/San Sebastián;2006906 Donostia/San Sebastián distrito 06;2006906014 Donostia/San Sebastián sección 06014;Renta neta media por persona ;2019;24.129
20069 Donostia/San Sebastián;2006906 Donostia/San Sebastián distrito 06;2006906015 Donostia/San Sebastián sección 06015;Renta neta media por persona ;2019;16.897
20069 Donostia/San Sebastián;2006906 Donostia/San Sebastián distrito 06;2006906016 Donostia/San Sebastián sección 06016;Renta neta media por persona ;2019;19.893
20069 Donostia/San Sebastián;2006906 Donostia/San Sebastián distrito 06;2006906017 Donostia/San Sebastián sección 06017;Renta neta media por persona ;2019;22.006
20069 Donostia/San Sebastián;2006906 Donostia/San Sebastián distrito 06;2006906018 Donostia/San Sebastián sección 06018;Renta neta media por persona ;2019;27.285
20069 Donostia/San Sebastián;2006906 Donostia/San Sebastián distrito 06;2006906019 Donostia/San Sebastián sección 06019;Renta neta media por persona ;2019;18.030
20069 Donostia/San Sebastián;2006906 Donostia/San Sebastián distrito 06;2006906020 Donostia/San Sebastián sección 06020;Renta neta media por persona ;2019;29.048
20069 Donostia/San Sebastián;2006906 Donostia/San Sebastián distrito 06;2006906021 Donostia/San Sebastián sección 06021;Renta neta media por persona ;2019;21.785
20069 Donostia/San Sebastián;2006906 Donostia/San Sebastián distrito 06;2006906022 Donostia/San Sebastián sección 06022;Renta neta media por persona ;2019;22.116
20069 Donostia/San Sebastián;2006906 Donostia/San Sebastián distrito 06;2006906023 Donostia/San Sebastián sección 06023;Renta neta media por persona ;2019;16.843
20069 Donostia/San Sebastián;2006906 Donostia/San Sebastián distrito 06;2006906024 Donostia/San Sebastián sección 06024;Renta neta media por persona ;2019;27.529
20069 Donostia/San Sebastián;2006906 Donostia/San Sebastián distrito 06;2006906025 Donostia/San Sebastián sección 06025;Renta neta media por persona ;2019;17.898
20069 Donostia/San Sebastián;2006906 Donostia/San Sebastián distrito 06;2006906026 Donostia/San Sebastián sección 06026;Renta neta media por persona ;2019;24.697
20069 Donostia/San Sebastián;2006906 Donostia/San Sebastián distrito 06;2006906027 Donostia/San Sebastián sección 06027;Renta neta media por persona ;2019;28.586
20069 Donostia/San Sebastián;2006906 Donostia/San Sebastián distrito 06;2006906028 Donostia/San Sebastián sección 06028;Renta neta media por persona ;2019;19.879
20069 Donostia/San Sebastián;2006906 Donostia/San Sebastián distrito 06;2006906029 Donostia/San Sebastián sección 06029;Renta neta media por persona ;2019;18.501
20069 Donostia/San Sebastián;2006906 Donostia/San Sebastián distrito 06;2006906030 Donostia/San Sebastián sección 06030;Renta neta media por persona ;2019;20.132
20069 Donostia/San Sebastián;2006907 Donostia/San Sebastián distrito 07;;Renta neta media por persona ;2019;14.439
20069 Donostia/San Sebastián;2006907 Donostia/San Sebastián distrito 07;2006907001 Donostia/San Sebastián sección 07001;Renta neta media por persona ;2019;13.310
20069 Donostia/San Sebastián;2006907 Donostia/San Sebastián distrito 07;2006907002 Donostia/San Sebastián sección 07002;Renta neta media por persona ;2019;14.276
20069 Donostia/San Sebastián;2006907 Donostia/San Sebastián distrito 07;2006907003 Donostia/San Sebastián sección 07003;Renta neta media por persona ;2019;23.502
20069 Donostia/San Sebastián;2006907 Donostia/San Sebastián distrito 07;2006907004 Donostia/San Sebastián sección 07004;Renta neta media por persona ;2019;13.858
20069 Donostia/San Sebastián;2006907 Donostia/San Sebastián distrito 07;2006907005 Donostia/San Sebastián sección 07005;Renta neta media por persona ;2019;14.136
20069 Donostia/San Sebastián;2006907 Donostia/San Sebastián distrito 07;2006907006 Donostia/San Sebastián sección 07006;Renta neta media por persona ;2019;16.368
20069 Donostia/San Sebastián;2006907 Donostia/San Sebastián distrito 07;2006907007 Donostia/San Sebastián sección 07007;Renta neta media por persona ;2019;16.657
20069 Donostia/San Sebastián;2006907 Donostia/San Sebastián distrito 07;2006907008 Donostia/San Sebastián sección 07008;Renta neta media por persona ;2019;14.360
20069 Donostia/San Sebastián;2006907 Donostia/San Sebastián distrito 07;2006907009 Donostia/San Sebastián sección 07009;Renta neta media por persona ;2019;14.986
20069 Donostia/San Sebastián;2006907 Donostia/San Sebastián distrito 07;2006907010 Donostia/San Sebastián sección 07010;Renta neta media por persona ;2019;17.815
20069 Donostia/San Sebastián;2006907 Donostia/San Sebastián distrito 07;2006907011 Donostia/San Sebastián sección 07011;Renta neta media por persona ;2019;12.532
20069 Donostia/San Sebastián;2006907 Donostia/San Sebastián distrito 07;2006907012 Donostia/San Sebastián sección 07012;Renta neta media por persona ;2019;12.326
20069 Donostia/San Sebastián;2006907 Donostia/San Sebastián distrito 07;2006907013 Donostia/San Sebastián sección 07013;Renta neta media por persona ;2019;14.906
20069 Donostia/San Sebastián;2006907 Donostia/San Sebastián distrito 07;2006907014 Donostia/San Sebastián sección 07014;Renta neta media por persona ;2019;13.756
20069 Donostia/San Sebastián;2006907 Donostia/San Sebastián distrito 07;2006907015 Donostia/San Sebastián sección 07015;Renta neta media por persona ;2019;14.483
20069 Donostia/San Sebastián;2006907 Donostia/San Sebastián distrito 07;2006907016 Donostia/San Sebastián sección 07016;Renta neta media por persona ;2019;12.885
20069 Donostia/San Sebastián;2006907 Donostia/San Sebastián distrito 07;2006907017 Donostia/San Sebastián sección 07017;Renta neta media por persona ;2019;13.134
20069 Donostia/San Sebastián;2006907 Donostia/San Sebastián distrito 07;2006907018 Donostia/San Sebastián sección 07018;Renta neta media por persona ;2019;14.026
20069 Donostia/San Sebastián;2006907 Donostia/San Sebastián distrito 07;2006907019 Donostia/San Sebastián sección 07019;Renta neta media por persona ;2019;12.091
20069 Donostia/San Sebastián;2006907 Donostia/San Sebastián distrito 07;2006907020 Donostia/San Sebastián sección 07020;Renta neta media por persona ;2019;13.774
20069 Donostia/San Sebastián;2006907 Donostia/San Sebastián distrito 07;2006907021 Donostia/San Sebastián sección 07021;Renta neta media por persona ;2019;11.728
20069 Donostia/San Sebastián;2006907 Donostia/San Sebastián distrito 07;2006907022 Donostia/San Sebastián sección 07022;Renta neta media por persona ;2019;12.279
20069 Donostia/San Sebastián;2006907 Donostia/San Sebastián distrito 07;2006907023 Donostia/San Sebastián sección 07023;Renta neta media por persona ;2019;12.652
20069 Donostia/San Sebastián;2006907 Donostia/San Sebastián distrito 07;2006907024 Donostia/San Sebastián sección 07024;Renta neta media por persona ;2019;12.554
20069 Donostia/San Sebastián;2006907 Donostia/San Sebastián distrito 07;2006907025 Donostia/San Sebastián sección 07025;Renta neta media por persona ;2019;11.395
20069 Donostia/San Sebastián;2006907 Donostia/San Sebastián distrito 07;2006907026 Donostia/San Sebastián sección 07026;Renta neta media por persona ;2019;14.981
20069 Donostia/San Sebastián;2006907 Donostia/San Sebastián distrito 07;2006907027 Donostia/San Sebastián sección 07027;Renta neta media por persona ;2019;14.225
20069 Donostia/San Sebastián;2006907 Donostia/San Sebastián distrito 07;2006907028 Donostia/San Sebastián sección 07028;Renta neta media por persona ;2019;14.532
20069 Donostia/San Sebastián;2006907 Donostia/San Sebastián distrito 07;2006907030 Donostia/San Sebastián sección 07030;Renta neta media por persona ;2019;13.208
20069 Donostia/San Sebastián;2006907 Donostia/San Sebastián distrito 07;2006907031 Donostia/San Sebastián sección 07031;Renta neta media por persona ;2019;15.949
20069 Donostia/San Sebastián;2006907 Donostia/San Sebastián distrito 07;2006907032 Donostia/San Sebastián sección 07032;Renta neta media por persona ;2019;12.911
20069 Donostia/San Sebastián;2006907 Donostia/San Sebastián distrito 07;2006907033 Donostia/San Sebastián sección 07033;Renta neta media por persona ;2019;16.379
20069 Donostia/San Sebastián;2006907 Donostia/San Sebastián distrito 07;2006907034 Donostia/San Sebastián sección 07034;Renta neta media por persona ;2019;15.672
20070 Segura;;;Renta neta media por persona ;2019;17.358
20070 Segura;2007001 Segura distrito 01;;Renta neta media por persona ;2019;17.358
20070 Segura;2007001 Segura distrito 01;2007001001 Segura sección 01001;Renta neta media por persona ;2019;17.358
20071 Tolosa;;;Renta neta media por persona ;2019;16.919
20071 Tolosa;2007101 Tolosa distrito 01;;Renta neta media por persona ;2019;14.569
20071 Tolosa;2007101 Tolosa distrito 01;2007101001 Tolosa sección 01001;Renta neta media por persona ;2019;14.160
20071 Tolosa;2007101 Tolosa distrito 01;2007101002 Tolosa sección 01002;Renta neta media por persona ;2019;14.084
20071 Tolosa;2007101 Tolosa distrito 01;2007101003 Tolosa sección 01003;Renta neta media por persona ;2019;14.308
20071 Tolosa;2007101 Tolosa distrito 01;2007101004 Tolosa sección 01004;Renta neta media por persona ;2019;15.122
20071 Tolosa;2007102 Tolosa distrito 02;;Renta neta media por persona ;2019;18.119
20071 Tolosa;2007102 Tolosa distrito 02;2007102001 Tolosa sección 02001;Renta neta media por persona ;2019;18.193
20071 Tolosa;2007102 Tolosa distrito 02;2007102002 Tolosa sección 02002;Renta neta media por persona ;2019;18.957
20071 Tolosa;2007102 Tolosa distrito 02;2007102003 Tolosa sección 02003;Renta neta media por persona ;2019;14.075
20071 Tolosa;2007102 Tolosa distrito 02;2007102004 Tolosa sección 02004;Renta neta media por persona ;2019;18.242
20071 Tolosa;2007102 Tolosa distrito 02;2007102005 Tolosa sección 02005;Renta neta media por persona ;2019;20.280
20071 Tolosa;2007103 Tolosa distrito 03;;Renta neta media por persona ;2019;17.291
20071 Tolosa;2007103 Tolosa distrito 03;2007103001 Tolosa sección 03001;Renta neta media por persona ;2019;18.207
20071 Tolosa;2007103 Tolosa distrito 03;2007103002 Tolosa sección 03002;Renta neta media por persona ;2019;14.742
20071 Tolosa;2007103 Tolosa distrito 03;2007103003 Tolosa sección 03003;Renta neta media por persona ;2019;17.854
20071 Tolosa;2007104 Tolosa distrito 04;;Renta neta media por persona ;2019;17.329
20071 Tolosa;2007104 Tolosa distrito 04;2007104001 Tolosa sección 04001;Renta neta media por persona ;2019;16.658
20071 Tolosa;2007104 Tolosa distrito 04;2007104002 Tolosa sección 04002;Renta neta media por persona ;2019;18.083
20072 Urnieta;;;Renta neta media por persona ;2019;14.874
20072 Urnieta;2007201 Urnieta distrito 01;;Renta neta media por persona ;2019;14.874
20072 Urnieta;2007201 Urnieta distrito 01;2007201001 Urnieta sección 01001;Renta neta media por persona ;2019;14.540
20072 Urnieta;2007201 Urnieta distrito 01;2007201002 Urnieta sección 01002;Renta neta media por persona ;2019;14.139
20072 Urnieta;2007201 Urnieta distrito 01;2007201003 Urnieta sección 01003;Renta neta media por persona ;2019;15.182
20072 Urnieta;2007201 Urnieta distrito 01;2007201004 Urnieta sección 01004;Renta neta media por persona ;2019;15.317
20073 Usurbil;;;Renta neta media por persona ;2019;15.986
20073 Usurbil;2007301 Usurbil distrito 01;;Renta neta media por persona ;2019;15.986
20073 Usurbil;2007301 Usurbil distrito 01;2007301001 Usurbil sección 01001;Renta neta media por persona ;2019;16.521
20073 Usurbil;2007301 Usurbil distrito 01;2007301002 Usurbil sección 01002;Renta neta media por persona ;2019;14.597
20073 Usurbil;2007301 Usurbil distrito 01;2007301003 Usurbil sección 01003;Renta neta media por persona ;2019;15.790
20073 Usurbil;2007301 Usurbil distrito 01;2007301004 Usurbil sección 01004;Renta neta media por persona ;2019;16.759
20074 Bergara;;;Renta neta media por persona ;2019;17.472
20074 Bergara;2007401 Bergara distrito 01;;Renta neta media por persona ;2019;18.490
20074 Bergara;2007401 Bergara distrito 01;2007401001 Bergara sección 01001;Renta neta media por persona ;2019;16.784
20074 Bergara;2007401 Bergara distrito 01;2007401002 Bergara sección 01002;Renta neta media por persona ;2019;18.634
20074 Bergara;2007401 Bergara distrito 01;2007401003 Bergara sección 01003;Renta neta media por persona ;2019;17.493
20074 Bergara;2007401 Bergara distrito 01;2007401004 Bergara sección 01004;Renta neta media por persona ;2019;16.375
20074 Bergara;2007401 Bergara distrito 01;2007401005 Bergara sección 01005;Renta neta media por persona ;2019;21.639
20074 Bergara;2007402 Bergara distrito 02;;Renta neta media por persona ;2019;16.437
20074 Bergara;2007402 Bergara distrito 02;2007402001 Bergara sección 02001;Renta neta media por persona ;2019;16.836
20074 Bergara;2007402 Bergara distrito 02;2007402002 Bergara sección 02002;Renta neta media por persona ;2019;15.847
20074 Bergara;2007402 Bergara distrito 02;2007402003 Bergara sección 02003;Renta neta media por persona ;2019;16.468
20074 Bergara;2007403 Bergara distrito 03;;Renta neta media por persona ;2019;16.644
20074 Bergara;2007403 Bergara distrito 03;2007403001 Bergara sección 03001;Renta neta media por persona ;2019;17.064
20074 Bergara;2007403 Bergara distrito 03;2007403002 Bergara sección 03002;Renta neta media por persona ;2019;13.314
20074 Bergara;2007403 Bergara distrito 03;2007403003 Bergara sección 03003;Renta neta media por persona ;2019;19.717
20075 Villabona;;;Renta neta media por persona ;2019;14.651
20075 Villabona;2007501 Villabona distrito 01;;Renta neta media por persona ;2019;14.651
20075 Villabona;2007501 Villabona distrito 01;2007501001 Villabona sección 01001;Renta neta media por persona ;2019;14.592
20075 Villabona;2007501 Villabona distrito 01;2007501002 Villabona sección 01002;Renta neta media por persona ;2019;13.624
20075 Villabona;2007501 Villabona distrito 01;2007501003 Villabona sección 01003;Renta neta media por persona ;2019;15.744
20076 Ordizia;;;Renta neta media por persona ;2019;15.882
20076 Ordizia;2007601 Ordizia distrito 01;;Renta neta media por persona ;2019;15.882
20076 Ordizia;2007601 Ordizia distrito 01;2007601001 Ordizia sección 01001;Renta neta media por persona ;2019;14.163
20076 Ordizia;2007601 Ordizia distrito 01;2007601002 Ordizia sección 01002;Renta neta media por persona ;2019;13.445
20076 Ordizia;2007601 Ordizia distrito 01;2007601003 Ordizia sección 01003;Renta neta media por persona ;2019;15.835
20076 Ordizia;2007601 Ordizia distrito 01;2007601004 Ordizia sección 01004;Renta neta media por persona ;2019;18.603
20076 Ordizia;2007601 Ordizia distrito 01;2007601005 Ordizia sección 01005;Renta neta media por persona ;2019;15.326
20076 Ordizia;2007601 Ordizia distrito 01;2007601006 Ordizia sección 01006;Renta neta media por persona ;2019;13.916
20076 Ordizia;2007601 Ordizia distrito 01;2007601008 Ordizia sección 01008;Renta neta media por persona ;2019;18.962
20077 Urretxu;;;Renta neta media por persona ;2019;16.088
20077 Urretxu;2007701 Urretxu distrito 01;;Renta neta media por persona ;2019;16.088
20077 Urretxu;2007701 Urretxu distrito 01;2007701001 Urretxu sección 01001;Renta neta media por persona ;2019;16.252
20077 Urretxu;2007701 Urretxu distrito 01;2007701002 Urretxu sección 01002;Renta neta media por persona ;2019;14.927
20077 Urretxu;2007701 Urretxu distrito 01;2007701003 Urretxu sección 01003;Renta neta media por persona ;2019;17.186
20077 Urretxu;2007701 Urretxu distrito 01;2007701004 Urretxu sección 01004;Renta neta media por persona ;2019;16.360
20077 Urretxu;2007701 Urretxu distrito 01;2007701005 Urretxu sección 01005;Renta neta media por persona ;2019;15.572
20077 Urretxu;2007701 Urretxu distrito 01;2007701006 Urretxu sección 01006;Renta neta media por persona ;2019;16.639
20078 Zaldibia;;;Renta neta media por persona ;2019;16.246
20078 Zaldibia;2007801 Zaldibia distrito 01;;Renta neta media por persona ;2019;16.246
20078 Zaldibia;2007801 Zaldibia distrito 01;2007801001 Zaldibia sección 01001;Renta neta media por persona ;2019;16.246
20079 Zarautz;;;Renta neta media por persona ;2019;17.219
20079 Zarautz;2007901 Zarautz distrito 01;;Renta neta media por persona ;2019;16.585
20079 Zarautz;2007901 Zarautz distrito 01;2007901001 Zarautz sección 01001;Renta neta media por persona ;2019;15.899
20079 Zarautz;2007901 Zarautz distrito 01;2007901002 Zarautz sección 01002;Renta neta media por persona ;2019;17.918
20079 Zarautz;2007901 Zarautz distrito 01;2007901003 Zarautz sección 01003;Renta neta media por persona ;2019;16.204
20079 Zarautz;2007902 Zarautz distrito 02;;Renta neta media por persona ;2019;17.384
20079 Zarautz;2007902 Zarautz distrito 02;2007902001 Zarautz sección 02001;Renta neta media por persona ;2019;24.599
20079 Zarautz;2007902 Zarautz distrito 02;2007902002 Zarautz sección 02002;Renta neta media por persona ;2019;20.096
20079 Zarautz;2007902 Zarautz distrito 02;2007902003 Zarautz sección 02003;Renta neta media por persona ;2019;15.090
20079 Zarautz;2007902 Zarautz distrito 02;2007902004 Zarautz sección 02004;Renta neta media por persona ;2019;13.962
20079 Zarautz;2007902 Zarautz distrito 02;2007902005 Zarautz sección 02005;Renta neta media por persona ;2019;15.120
20079 Zarautz;2007902 Zarautz distrito 02;2007902006 Zarautz sección 02006;Renta neta media por persona ;2019;14.393
20079 Zarautz;2007902 Zarautz distrito 02;2007902007 Zarautz sección 02007;Renta neta media por persona ;2019;15.778
20079 Zarautz;2007902 Zarautz distrito 02;2007902008 Zarautz sección 02008;Renta neta media por persona ;2019;19.602
20079 Zarautz;2007902 Zarautz distrito 02;2007902009 Zarautz sección 02009;Renta neta media por persona ;2019;16.230
20079 Zarautz;2007902 Zarautz distrito 02;2007902010 Zarautz sección 02010;Renta neta media por persona ;2019;19.515
20079 Zarautz;2007902 Zarautz distrito 02;2007902011 Zarautz sección 02011;Renta neta media por persona ;2019;17.467
20080 Zumarraga;;;Renta neta media por persona ;2019;15.182
20080 Zumarraga;2008001 Zumarraga distrito 01;;Renta neta media por persona ;2019;15.182
20080 Zumarraga;2008001 Zumarraga distrito 01;2008001001 Zumarraga sección 01001;Renta neta media por persona ;2019;16.748
20080 Zumarraga;2008001 Zumarraga distrito 01;2008001002 Zumarraga sección 01002;Renta neta media por persona ;2019;16.796
20080 Zumarraga;2008001 Zumarraga distrito 01;2008001003 Zumarraga sección 01003;Renta neta media por persona ;2019;15.353
20080 Zumarraga;2008001 Zumarraga distrito 01;2008001004 Zumarraga sección 01004;Renta neta media por persona ;2019;14.752
20080 Zumarraga;2008001 Zumarraga distrito 01;2008001005 Zumarraga sección 01005;Renta neta media por persona ;2019;14.176
20080 Zumarraga;2008001 Zumarraga distrito 01;2008001006 Zumarraga sección 01006;Renta neta media por persona ;2019;13.609
20080 Zumarraga;2008001 Zumarraga distrito 01;2008001007 Zumarraga sección 01007;Renta neta media por persona ;2019;16.609
20080 Zumarraga;2008001 Zumarraga distrito 01;2008001008 Zumarraga sección 01008;Renta neta media por persona ;2019;14.981
20081 Zumaia;;;Renta neta media por persona ;2019;16.512
20081 Zumaia;2008101 Zumaia distrito 01;;Renta neta media por persona ;2019;16.512
20081 Zumaia;2008101 Zumaia distrito 01;2008101001 Zumaia sección 01001;Renta neta media por persona ;2019;19.453
20081 Zumaia;2008101 Zumaia distrito 01;2008101002 Zumaia sección 01002;Renta neta media por persona ;2019;16.242
20081 Zumaia;2008101 Zumaia distrito 01;2008101003 Zumaia sección 01003;Renta neta media por persona ;2019;15.676
20081 Zumaia;2008101 Zumaia distrito 01;2008101004 Zumaia sección 01004;Renta neta media por persona ;2019;14.932
20081 Zumaia;2008101 Zumaia distrito 01;2008101005 Zumaia sección 01005;Renta neta media por persona ;2019;17.702
20081 Zumaia;2008101 Zumaia distrito 01;2008101006 Zumaia sección 01006;Renta neta media por persona ;2019;14.534
20901 Mendaro;;;Renta neta media por persona ;2019;15.312
20901 Mendaro;2090101 Mendaro distrito 01;;Renta neta media por persona ;2019;15.312
20901 Mendaro;2090101 Mendaro distrito 01;2090101001 Mendaro sección 01001;Renta neta media por persona ;2019;15.312
20902 Lasarte-Oria;;;Renta neta media por persona ;2019;14.626
20902 Lasarte-Oria;2090201 Lasarte-Oria distrito 01;;Renta neta media por persona ;2019;14.626
20902 Lasarte-Oria;2090201 Lasarte-Oria distrito 01;2090201001 Lasarte-Oria sección 01001;Renta neta media por persona ;2019;16.553
20902 Lasarte-Oria;2090201 Lasarte-Oria distrito 01;2090201002 Lasarte-Oria sección 01002;Renta neta media por persona ;2019;14.149
20902 Lasarte-Oria;2090201 Lasarte-Oria distrito 01;2090201003 Lasarte-Oria sección 01003;Renta neta media por persona ;2019;13.592
20902 Lasarte-Oria;2090201 Lasarte-Oria distrito 01;2090201004 Lasarte-Oria sección 01004;Renta neta media por persona ;2019;13.997
20902 Lasarte-Oria;2090201 Lasarte-Oria distrito 01;2090201005 Lasarte-Oria sección 01005;Renta neta media por persona ;2019;16.030
20902 Lasarte-Oria;2090201 Lasarte-Oria distrito 01;2090201006 Lasarte-Oria sección 01006;Renta neta media por persona ;2019;14.780
20902 Lasarte-Oria;2090201 Lasarte-Oria distrito 01;2090201007 Lasarte-Oria sección 01007;Renta neta media por persona ;2019;13.861
20902 Lasarte-Oria;2090201 Lasarte-Oria distrito 01;2090201008 Lasarte-Oria sección 01008;Renta neta media por persona ;2019;13.889
20902 Lasarte-Oria;2090201 Lasarte-Oria distrito 01;2090201009 Lasarte-Oria sección 01009;Renta neta media por persona ;2019;14.931
20902 Lasarte-Oria;2090201 Lasarte-Oria distrito 01;2090201010 Lasarte-Oria sección 01010;Renta neta media por persona ;2019;13.440
20902 Lasarte-Oria;2090201 Lasarte-Oria distrito 01;2090201011 Lasarte-Oria sección 01011;Renta neta media por persona ;2019;13.997
20902 Lasarte-Oria;2090201 Lasarte-Oria distrito 01;2090201012 Lasarte-Oria sección 01012;Renta neta media por persona ;2019;13.665
20902 Lasarte-Oria;2090201 Lasarte-Oria distrito 01;2090201013 Lasarte-Oria sección 01013;Renta neta media por persona ;2019;16.591
20903 Astigarraga;;;Renta neta media por persona ;2019;16.590
20903 Astigarraga;2090301 Astigarraga distrito 01;;Renta neta media por persona ;2019;16.590
20903 Astigarraga;2090301 Astigarraga distrito 01;2090301001 Astigarraga sección 01001;Renta neta media por persona ;2019;16.898
20903 Astigarraga;2090301 Astigarraga distrito 01;2090301002 Astigarraga sección 01002;Renta neta media por persona ;2019;17.384
20903 Astigarraga;2090301 Astigarraga distrito 01;2090301003 Astigarraga sección 01003;Renta neta media por persona ;2019;15.474
20904 Baliarrain;;;Renta neta media por persona ;2019;15.116
20904 Baliarrain;2090401 Baliarrain distrito 01;;Renta neta media por persona ;2019;15.116
20904 Baliarrain;2090401 Baliarrain distrito 01;2090401001 Baliarrain sección 01001;Renta neta media por persona ;2019;15.116
20905 Orendain;;;Renta neta media por persona ;2019;16.087
20905 Orendain;2090501 Orendain distrito 01;;Renta neta media por persona ;2019;16.087
20905 Orendain;2090501 Orendain distrito 01;2090501001 Orendain sección 01001;Renta neta media por persona ;2019;16.087
20906 Altzaga;;;Renta neta media por persona ;2019;14.018
20906 Altzaga;2090601 Altzaga distrito 01;;Renta neta media por persona ;2019;14.018
20906 Altzaga;2090601 Altzaga distrito 01;2090601001 Altzaga sección 01001;Renta neta media por persona ;2019;14.018
20907 Gaztelu;;;Renta neta media por persona ;2019;13.812
20907 Gaztelu;2090701 Gaztelu distrito 01;;Renta neta media por persona ;2019;13.812
20907 Gaztelu;2090701 Gaztelu distrito 01;2090701001 Gaztelu sección 01001;Renta neta media por persona ;2019;13.812
